<?xml version="1.0" encoding="utf-8"?>
<eml:eml xmlns:eml="eml://ecoinformatics.org/eml-2.1.1" xmlns:xsi="http://www.w3.org/2001/XMLSchema-instance"
         xsi:schemaLocation="eml://ecoinformatics.org/eml-2.1.1 http://rs.gbif.org/schema/eml-gbif-profile/1.2/eml.xsd"
packageId="10.15468/dl.37dp4z"  system="http://gbif.org" scope="system"
xml:lang="en">

    <dataset>
                <alternateIdentifier>0258360-220831081235567</alternateIdentifier>
        <title>GBIF Occurrence Download 10.15468/dl.37dp4z</title>
            <creator>
            <individualName>
                    <surName>GBIF Download Service</surName>
            </individualName>
<electronicMailAddress>support@gbif.org</electronicMailAddress>            </creator>
            <metadataProvider>
            <individualName>
                    <surName>GBIF Download Service</surName>
            </individualName>
<electronicMailAddress>support@gbif.org</electronicMailAddress>            </metadataProvider>
            <pubDate>
                2023-01-25
            </pubDate>
        <language>ENGLISH</language>
            <abstract>
                    <para>A dataset containing all occurrences available in GBIF matching the query:
{
  &quot;TaxonKey&quot; : [
    &quot;is Pan troglodytes (Blumenbach, 1775)&quot;
  ]
}
The dataset includes records from the following constituent datasets. The full metadata for each constituent is also included in this archive:
1 records from MfN - Fossil vertebrates IV
1 records from Zoology (Museum of Evolution - Uppsala)
1 records from LSUMZ Mammal Tissues
8 records from Ditsong National Museum of Natural History Collection: 1805-2008
3 records from University of California Museum of Paleontology
7 records from Lund Museum of Zoology (MZLU)
4 records from Collections and observation data National Museum of Natural History Luxembourg
2 records from UCM Mammal Collection (Arctos)
95 records from Collection Anatomie Histologie - SMF
1 records from University of Alberta Museum of Zoology Mammalogy Collection (UAMZ)
322 records from International Barcode of Life project (iBOL)
61 records from Field Museum of Natural History (Zoology) Mammal Collection
2 records from Collection scientifique et pédagogique de l&apos;Ecole Normale Supérieure de Lyon
8 records from Museu de Ciències Naturals de Barcelona: MCNB-Cord
107 records from Mammifères: Etude d&apos;état initial de la biodiversité dans la concession minière de Guinea Alumina Corporation(GAC) dans la region de Boké (CESP2016-022)
7 records from MSU Mammalogy, Ornithology and Vertebrate Paleontology Collections
30 records from Naturalis Biodiversity Center (NL) - Museum collection digitized at storage unit level
1 records from HSU Vertebrate Museum Mammals Collection
1 records from Mammal collection NTNU University Museum
7 records from MVZ Mammal Collection (Arctos)
8 records from Mammal osteology MZS
1 records from University of Nebraska State Museum Mammals Collection
14 records from Mammals housed at MHNG, Geneva
27 records from ZFMK Mammalia collection
3 records from Palaeobiology - Vertebrate Comparative Osteology Collection - Royal Ontario Museum
1 records from UTEP Mammals (Arctos)
13 records from UMZC Zoological Specimens
1 records from SysTax -  Zoological Collections
2 records from Mammal collection Natuurmuseum Brabant, Tilburg
9 records from Collection Mammalogie - ZSRO
1 records from UAFMC Mammals
15 records from Natural History Museum Rotterdam - Specimens
5 records from Mammals Specimens
4 records from NHMD Mammalogy Collection
1 records from Hominidae
120 records from NMNH Extant Specimen Records (USNM, US)
1939 records from Macaulay Library Audio and Video Collection
158 records from Gola National Park Biomonitoring Data
7 records from UWBM Mammalogy Collection (Arctos)
49 records from MSB Mammal Collection (Arctos)
2 records from KUBI Mammalogy Collection
2 records from IICT Colecção Zoológica
281 records from The mammals collection (ZM) of the Muséum national d&apos;Histoire naturelle (MNHN - Paris)
2 records from California State University, Long Beach Mammal specimens (Arctos)
117 records from INSDC Sequences
23 records from Mammal collection of National Museum of Nature and Science
1 records from IUCN Red list of some Plants and Animals along the Nigerian Coast
3 records from University of Tartu Natural History Museum and Botanical Garden Zooloogical Collections
13 records from Biodiversitätsdatenbank Salzburg
1 records from Mammifères (sauf Chiroptères) du Muséum d&apos;Histoire Naturelle de la ville de Bourges (BOUM)
4 records from Auckland Museum Land Vertebrates Collection
283 records from National Biodiversity Data Bank. Observation records, 1900-2014
4 records from SBMNH Vertebrate Zoology
370 records from iNaturalist Research-grade Observations
3 records from Museo Argentino de Ciencias Naturales &quot;Bernardino Rivadavia&quot; (MACN). Mammalogy National Collection (MACNMa)
1 records from Order Primates
1 records from Colección de Mastozoología
1 records from Vertebrate Paleontology Division, Yale Peabody Museum
3 records from CUMV Mammal Collection
1 records from MVZ Hildebrand Collection (Arctos)
87 records from Animal Sound Archive
49 records from Grands et Petits mammifères de Côte d&apos;Ivoire
15 records from naturgucker
71 records from Naturalis Biodiversity Center (NL) - Mammalia
2 records from Mammal specimen database of Kanagawa Prefectural Museum of Natural History
16 records from Vertebrates of the Gothenburg Natural History Museum (GNM)
84 records from Museum of Comparative Zoology, Harvard University
3 records from Mammalia (Luomus)
15 records from Rapid Assessment Program (RAP) Biodiversity Survey Database
11 records from CAS Mammalogy (MAM)
83 records from Sapo National Park Chimpanzee Survey 2016
26 records from Ghent  University - Zoology Museum - Vertebrate collection
12 records from UF Florida Museum of Natural History Mammals
2 records from SUI Vertebrate Collection
1 records from Order Primates
3 records from Cowan Tetrapod Collection - Mammals
1 records from Kenya Virtual Museum Records
25 records from NHMO Mammal collection
9 records from National forests rapid biological assessment Liberia 2002/03
410 records from Collection Paleoanthropology SMF
14 records from Mammalogy Collection - Royal Ontario Museum
4 records from The Mammalia Collection at the Staatssammlung für Anthropologie und Paläoanatomie München
10 records from Collection Mammalogie - SNSD
353 records from Natural History Museum (London) Collection Specimens
1 records from ISM Mammalogy Collection
77 records from RBINS DaRWIN
1 records from Biological Collection of National Taiwan Museum, Taipei, Taiwan
16 records from Osteology collections of World Museum, National Museums Liverpool
75 records from Royal Belgian Institute of Natural Sciences Mammal collection
268 records from Sapo National Park Bio-monitoring Data
5 records from Fonoteca Zoológica, Museo Nacional de Ciencias Naturales, Madrid: MAMMALIA_FZ
1 records from Vertebrate collections of the Department of Animal Biology and Conservation Sciences, University of Ghana
78 records from Collection Mammalia SMF
22 records from Vertebrate Zoology Division - Mammalogy, Yale Peabody Museum
1 records from HSU Wildlife Mammals
2 records from Captive Primate Specimens of Japan Monkey Centre
11 records from University of Michigan Museum of Zoology, Division of Mammals
24 records from LACM Vertebrate Collection
1 records from Canadian Museum of Nature Mammal Collection
3 records from LSUMZ Mammals Collection
1 records from T. L. Hankinson Vertebrate Museum (EMU) Mammal Collection
131 records from AMNH Mammal Collections</para>
            </abstract>
            <contact>
            <individualName>
                    <surName>GBIF Download Service</surName>
            </individualName>
<electronicMailAddress>support@gbif.org</electronicMailAddress>            </contact>

    </dataset>

    <additionalMetadata>
        <metadata>
            <gbif>
                <dateStamp>2023-01-25T10:38:11Z</dateStamp>
                <citation identifier="10.15468/dl.37dp4z">GBIF Occurrence Download 10.15468/dl.37dp4z</citation>
                    <physical>
                        <objectName>Darwin Core Archive</objectName>
                        <characterEncoding>UTF-8</characterEncoding>
                        <dataFormat>
                            <externallyDefinedFormat>
                                <formatName>Darwin Core Archive</formatName>
                            </externallyDefinedFormat>
                        </dataFormat>
                        <distribution>
                            <online>
                                <url function="download">https://api.gbif.org/v1/occurrence/download/request/0258360-220831081235567.zip</url>
                            </online>
                        </distribution>
                    </physical>
            </gbif>
        </metadata>
    </additionalMetadata>

</eml:eml>
