gbifID	datasetKey	occurrenceID	kingdom	phylum	class	order	family	genus	species	infraspecificEpithet	taxonRank	scientificName	verbatimScientificName	verbatimScientificNameAuthorship	countryCode	locality	stateProvince	occurrenceStatus	individualCount	publishingOrgKey	decimalLatitude	decimalLongitude	coordinateUncertaintyInMeters	coordinatePrecision	elevation	elevationAccuracy	depth	depthAccuracy	eventDate	day	month	year	taxonKey	speciesKey	basisOfRecord	institutionCode	collectionCode	catalogNumber	recordNumber	identifiedBy	dateIdentified	license	rightsHolder	recordedBy	typeStatus	establishmentMeans	lastInterpreted	mediaType	issue
998478875	23bb2c4c-b027-4eb5-b751-57e5d7ea4af6	444580	Plantae	Tracheophyta	Magnoliopsida	Ranunculales	Ranunculaceae	Delphinium	Delphinium fissum		SPECIES	Delphinium bolosii C.Blanché & Molero	Delphinium bolosii		ES			PRESENT		7338b4d9-d75b-4edb-b238-b09f52397f49	41.94	1.01	7071.0										3922942	7276601	HUMAN_OBSERVATION	MAGRAMA	IEET-2011	444580				CC_BY_NC_4_0	Servicio de Vida Silvestre. Área de Acciones de Conservación. Subdirección General de Medio Natural. Dirección General de Calidad y Evaluación Ambiental y Medio Natural. Ministerio de Agricultura, Alimentación y Medio Ambiente				2024-01-25T05:54:49.226Z		GEODETIC_DATUM_ASSUMED_WGS84;COORDINATE_PRECISION_INVALID;CONTINENT_DERIVED_FROM_COORDINATES;REFERENCES_URI_INVALID
998478845	23bb2c4c-b027-4eb5-b751-57e5d7ea4af6	444579	Plantae	Tracheophyta	Magnoliopsida	Ranunculales	Ranunculaceae	Delphinium	Delphinium fissum		SPECIES	Delphinium bolosii C.Blanché & Molero	Delphinium bolosii		ES			PRESENT		7338b4d9-d75b-4edb-b238-b09f52397f49	41.31	0.91	7071.0										3922942	7276601	HUMAN_OBSERVATION	MAGRAMA	IEET-2011	444579				CC_BY_NC_4_0	Servicio de Vida Silvestre. Área de Acciones de Conservación. Subdirección General de Medio Natural. Dirección General de Calidad y Evaluación Ambiental y Medio Natural. Ministerio de Agricultura, Alimentación y Medio Ambiente				2024-01-25T05:54:59.059Z		GEODETIC_DATUM_ASSUMED_WGS84;COORDINATE_PRECISION_INVALID;CONTINENT_DERIVED_FROM_COORDINATES;REFERENCES_URI_INVALID
895349781	834b7330-f762-11e1-a439-00145eb45e9a		Plantae	Tracheophyta	Magnoliopsida	Ranunculales	Ranunculaceae	Delphinium	Delphinium fissum		SPECIES	Delphinium bolosii C.Blanché & Molero	Delphinium bolosii C. Blanché & J. Molero	C. Blanché & J. Molero	ES	La Noguera, Rubió de Baix, a 5 Km d´Artesa de Segre sobre el Càmping ´Cel de Balaguer´	L	PRESENT		a6deb94a-2c40-47ec-a678-3d502cd42bc2	41.900002	1.0											3922942	7276601	PRESERVED_SPECIMEN	SALA	SALA	109933-1				CC_BY_NC_4_0		C. Blanché			2024-01-25T09:58:54.809Z		COORDINATE_ROUNDED;GEODETIC_DATUM_ASSUMED_WGS84;CONTINENT_DERIVED_FROM_COORDINATES;RECORDED_DATE_INVALID;INSTITUTION_MATCH_FUZZY;COLLECTION_MATCH_FUZZY
883439480	c3937703-e166-402a-9826-556206aaa1f4	JBB:BGJBB:2814	Plantae	Tracheophyta	Magnoliopsida	Ranunculales	Ranunculaceae	Delphinium	Delphinium fissum		SPECIES	Delphinium bolosii C.Blanché & Molero	Delphinium bolosii  C.Blanché & Molero	C.Blanché & Molero	ES	Santuari Santa Maria de Salgar	Lleida	PRESENT	228	68c6ec5b-d08d-4b12-95f0-6b86f92e0b69									2011-08-09	9	8	2011	3922942	7276601	LIVING_SPECIMEN	JBB	BGJBB	2814				CC_BY_4_0		D.Bertran  E.Ollé  A.Escuredo			2024-01-25T00:13:03.341Z		OCCURRENCE_STATUS_INFERRED_FROM_INDIVIDUAL_COUNT;COLLECTION_MATCH_NONE;INSTITUTION_MATCH_FUZZY
883438654	c3937703-e166-402a-9826-556206aaa1f4	JBB:BGJBB:3451	Plantae	Tracheophyta	Magnoliopsida	Ranunculales	Ranunculaceae	Delphinium	Delphinium fissum		SPECIES	Delphinium bolosii C.Blanché & Molero	Delphinium bolosii  C.Blanché & Molero	C.Blanché & Molero	ES	Mura	Barcelona	PRESENT	25	68c6ec5b-d08d-4b12-95f0-6b86f92e0b69									2012-06-15	15	6	2012	3922942	7276601	LIVING_SPECIMEN	JBB	BGJBB	3451				CC_BY_4_0		Cèsar Blanché Vergés			2024-01-25T00:13:02.712Z		OCCURRENCE_STATUS_INFERRED_FROM_INDIVIDUAL_COUNT;COLLECTION_MATCH_NONE;INSTITUTION_MATCH_FUZZY
883438647	c3937703-e166-402a-9826-556206aaa1f4	JBB:BGJBB:2254	Plantae	Tracheophyta	Magnoliopsida	Ranunculales	Ranunculaceae	Delphinium	Delphinium fissum		SPECIES	Delphinium bolosii C.Blanché & Molero	Delphinium bolosii  C.Blanché & Molero	C.Blanché & Molero	ES	Rubió de Baix	Lleida	PRESENT	957	68c6ec5b-d08d-4b12-95f0-6b86f92e0b69	41.90837	0.99809	1.0						2010-08-29	29	8	2010	3922942	7276601	LIVING_SPECIMEN	JBB	BGJBB	2254				CC_BY_4_0		David Bertrán			2024-01-25T00:13:00.576Z		GEODETIC_DATUM_ASSUMED_WGS84;OCCURRENCE_STATUS_INFERRED_FROM_INDIVIDUAL_COUNT;COLLECTION_MATCH_NONE;INSTITUTION_MATCH_FUZZY
78536814	85b571c0-f762-11e1-a439-00145eb45e9a	78536814	Plantae	Tracheophyta	Magnoliopsida	Ranunculales	Ranunculaceae	Delphinium	Delphinium fissum		SPECIES	Delphinium bolosii C.Blanché & Molero	Delphinium bolosii C.Blanché & Molero	C.Blanché & Molero	ES	La Noguera, Rubio de Baix	L	PRESENT		367822e7-0973-4725-986a-979ec2ac0704									1996			1996	3922942	7276601	LIVING_SPECIMEN	BG-UPM	UPM-Germ	9184				CC_BY_NC_4_0					2024-01-24T21:27:08.451Z		INSTITUTION_MATCH_NONE
4903779332	50c9509d-22c7-4a22-a47d-8c48425ef4a7	https://www.inaturalist.org/observations/199696832	Plantae	Tracheophyta	Magnoliopsida	Ranunculales	Ranunculaceae	Delphinium	Delphinium fissum		SPECIES	Delphinium bolosii C.Blanché & Molero	Delphinium bolosii		ES		Cataluña	PRESENT		28eb1a3f-1c15-4a95-931a-4af90ecb574d	41.957851	1.007149	27723.0						2016-06-15T16:57	15	6	2016	3922942	7276601	HUMAN_OBSERVATION	iNaturalist	Observations	199696832		J. IGNASI	2024-02-18T17:59:05	CC_BY_NC_4_0	J. IGNASI	J. IGNASI			2025-01-22T03:25:20.510Z	StillImage	COORDINATE_ROUNDED;CONTINENT_DERIVED_FROM_COORDINATES;TAXON_MATCH_TAXON_ID_IGNORED
4890704438	8a863029-f435-446a-821e-275f4f641165	https://observation.org/observation/297842084	Plantae	Tracheophyta	Magnoliopsida	Ranunculales	Ranunculaceae	Delphinium	Delphinium fissum		SPECIES	Delphinium bolosii C.Blanché & Molero	Delphinium bolosii		ES	Alòs de Balaguer	Lleida	PRESENT	1	c8d737e0-2ff8-42e8-b8fc-6b805d26fc5f	41.912656	0.960066							2017-07-22	22	7	2017	3922942	7276601	HUMAN_OBSERVATION							CC_BY_NC_4_0	Stichting Observation International	User 806733			2025-01-29T06:19:12.442Z	StillImage	
4888489939	8a863029-f435-446a-821e-275f4f641165	https://observation.org/observation/297836835	Plantae	Tracheophyta	Magnoliopsida	Ranunculales	Ranunculaceae	Delphinium	Delphinium fissum		SPECIES	Delphinium bolosii C.Blanché & Molero	Delphinium bolosii		ES	Alòs de Balaguer	Lleida	PRESENT	1	c8d737e0-2ff8-42e8-b8fc-6b805d26fc5f	41.912656	0.960066							2017-06-17	17	6	2017	3922942	7276601	HUMAN_OBSERVATION							CC_BY_NC_4_0	Stichting Observation International	User 806733			2025-01-29T06:19:19.999Z	StillImage	
4887235153	8a863029-f435-446a-821e-275f4f641165	https://observation.org/observation/297868685	Plantae	Tracheophyta	Magnoliopsida	Ranunculales	Ranunculaceae	Delphinium	Delphinium fissum		SPECIES	Delphinium bolosii C.Blanché & Molero	Delphinium bolosii		ES	Alòs de Balaguer	Lleida	PRESENT	1	c8d737e0-2ff8-42e8-b8fc-6b805d26fc5f	41.912656	0.960066							2018-06-23	23	6	2018	3922942	7276601	HUMAN_OBSERVATION							CC_BY_NC_4_0	Stichting Observation International	User 806733			2025-01-29T06:28:23.695Z	StillImage	
4886427913	8a863029-f435-446a-821e-275f4f641165	https://observation.org/observation/297925242	Plantae	Tracheophyta	Magnoliopsida	Ranunculales	Ranunculaceae	Delphinium	Delphinium fissum		SPECIES	Delphinium bolosii C.Blanché & Molero	Delphinium bolosii		ES	Alòs de Balaguer	Lleida	PRESENT	1	c8d737e0-2ff8-42e8-b8fc-6b805d26fc5f	41.912404	0.960702							2019-06-21	21	6	2019	3922942	7276601	HUMAN_OBSERVATION							CC_BY_NC_4_0	Stichting Observation International	User 806733			2025-01-29T06:27:27.637Z	StillImage	
4886157423	8a863029-f435-446a-821e-275f4f641165	https://observation.org/observation/297839354	Plantae	Tracheophyta	Magnoliopsida	Ranunculales	Ranunculaceae	Delphinium	Delphinium fissum		SPECIES	Delphinium bolosii C.Blanché & Molero	Delphinium bolosii		ES	Alòs de Balaguer	Lleida	PRESENT	1	c8d737e0-2ff8-42e8-b8fc-6b805d26fc5f	41.912656	0.960066							2017-06-24	24	6	2017	3922942	7276601	HUMAN_OBSERVATION							CC_BY_NC_4_0	Stichting Observation International	User 806733			2025-01-29T06:19:03.452Z	StillImage	
3855030510	6a7575fa-ae03-4ba3-b322-2da15b5033e2	96B68B2E-DA44-43F8-0B1E-AEBE829424C2	Plantae	Tracheophyta	Magnoliopsida	Ranunculales	Ranunculaceae	Delphinium	Delphinium fissum		SPECIES	Delphinium bolosii C.Blanché & Molero	Delphinium bolosii C. Blanché & Molero	C. Blanché & Molero	ES	Lérida, Rubió de Baix, La Noguera	Lérida	PRESENT	1	d68c4230-a271-11d8-a9b3-b8a03c50a862							0.0	0.0	1992-07-05	5	7	1992	3922942	7276601	PRESERVED_SPECIMEN	GDA	GDA-Fanero	50919-1				CC_BY_NC_4_0	Herbarium University of Granada, Spain	Marí Bosch			2024-01-24T19:28:05.927Z		OCCURRENCE_STATUS_INFERRED_FROM_INDIVIDUAL_COUNT
31623448	8375dada-f762-11e1-a439-00145eb45e9a	794BCED4-8C7D-4DEC-8D49-13A45F235050	Plantae	Tracheophyta	Magnoliopsida	Ranunculales	Ranunculaceae	Delphinium	Delphinium fissum		SPECIES	Delphinium bolosii C.Blanché & Molero	Delphinium bolosii C. Blanché & Molero	C. Blanché & Molero	ES	Ulldemolins		PRESENT	1	520e3c81-7de2-4ef3-9b36-11f3bdad76a9					650.0	0.0							3922942	7276601	PRESERVED_SPECIMEN	SEV	HerbarioSEV	94491-1				CC_BY_NC_4_0		C. Blanché			2024-01-25T10:01:24.521Z		COORDINATE_INVALID;RECORDED_DATE_INVALID;MODIFIED_DATE_INVALID;OCCURRENCE_STATUS_INFERRED_FROM_INDIVIDUAL_COUNT;COLLECTION_MATCH_NONE;INSTITUTION_MATCH_FUZZY
3033703935	834f1756-f762-11e1-a439-00145eb45e9a	BCN 53601	Plantae	Tracheophyta	Magnoliopsida	Ranunculales	Ranunculaceae	Delphinium	Delphinium fissum		SPECIES	Delphinium bolosii C.Blanché & Molero	Delphinium bolosii C.Blanché & Molero	C.Blanché & Molero	ES	Congost de Camarasa	Lleida	PRESENT		cb202839-87c6-456a-821c-dc5b268a200f	41.89	0.87	7311.0						2008-07-03	3	7	2008	3922942	7276601	PRESERVED_SPECIMEN	BCN	Corm	53601				CC_BY_NC_4_0	CRAI CeDocBiV - Universitat de Barcelona	Bosch Daniel, Maria & Molero Briones, Julià			2024-01-25T09:59:15.410Z		GEODETIC_DATUM_ASSUMED_WGS84;CONTINENT_DERIVED_FROM_COORDINATES;MODIFIED_DATE_INVALID;COLLECTION_MATCH_NONE;INSTITUTION_MATCH_FUZZY;DIFFERENT_OWNER_INSTITUTION
3033694060	834f1756-f762-11e1-a439-00145eb45e9a	BCN 35755	Plantae	Tracheophyta	Magnoliopsida	Ranunculales	Ranunculaceae	Delphinium	Delphinium fissum		SPECIES	Delphinium bolosii C.Blanché & Molero	Delphinium bolosii C.Blanché & Molero	C.Blanché & Molero	ES	"Rubió de Baix, a 5 km d'Artesa de Segre sobre el Càmping ""Cel de Balaguer"""	Lleida	PRESENT		cb202839-87c6-456a-821c-dc5b268a200f	41.9	1.0	707.0						1991-06-12	12	6	1991	3922942	7276601	PRESERVED_SPECIMEN	BCN	Corm	35755				CC_BY_NC_4_0	CRAI CeDocBiV - Universitat de Barcelona	Blanché Vergés, Cèsar			2024-01-25T09:59:13.924Z		GEODETIC_DATUM_ASSUMED_WGS84;CONTINENT_DERIVED_FROM_COORDINATES;MODIFIED_DATE_INVALID;COLLECTION_MATCH_NONE;INSTITUTION_MATCH_FUZZY;DIFFERENT_OWNER_INSTITUTION
3033692052	834f1756-f762-11e1-a439-00145eb45e9a	BCN 35753	Plantae	Tracheophyta	Magnoliopsida	Ranunculales	Ranunculaceae	Delphinium	Delphinium fissum		SPECIES	Delphinium bolosii C.Blanché & Molero	Delphinium bolosii C.Blanché & Molero	C.Blanché & Molero	ES	Ulldemolins, els Segalassos	Tarragona	PRESENT		cb202839-87c6-456a-821c-dc5b268a200f	41.31	0.92	706.0		625.0	25.0							3922942	7276601	PRESERVED_SPECIMEN	BCN	Corm	35753				CC_BY_NC_4_0	CRAI CeDocBiV - Universitat de Barcelona	Molero Briones, Julià			2024-01-25T09:59:04.077Z		GEODETIC_DATUM_ASSUMED_WGS84;CONTINENT_DERIVED_FROM_COORDINATES;MODIFIED_DATE_INVALID;COLLECTION_MATCH_NONE;INSTITUTION_MATCH_FUZZY;DIFFERENT_OWNER_INSTITUTION
3033691050	834f1756-f762-11e1-a439-00145eb45e9a	BCN 35752	Plantae	Tracheophyta	Magnoliopsida	Ranunculales	Ranunculaceae	Delphinium	Delphinium fissum		SPECIES	Delphinium bolosii C.Blanché & Molero	Delphinium bolosii C.Blanché & Molero	C.Blanché & Molero	ES	Ulldemolins, Els Segalassos	Tarragona	PRESENT		cb202839-87c6-456a-821c-dc5b268a200f	41.31	0.91	7071.0		650.0	0.0			1983-06-14	14	6	1983	3922942	7276601	PRESERVED_SPECIMEN	BCN	Corm	35752				CC_BY_NC_4_0	CRAI CeDocBiV - Universitat de Barcelona	Blanché Vergés, Cèsar			2024-01-25T09:59:03.814Z		GEODETIC_DATUM_ASSUMED_WGS84;CONTINENT_DERIVED_FROM_COORDINATES;MODIFIED_DATE_INVALID;COLLECTION_MATCH_NONE;INSTITUTION_MATCH_FUZZY;DIFFERENT_OWNER_INSTITUTION
3033690056	834f1756-f762-11e1-a439-00145eb45e9a	BCN 35754	Plantae	Tracheophyta	Magnoliopsida	Ranunculales	Ranunculaceae	Delphinium	Delphinium fissum		SPECIES	Delphinium bolosii C.Blanché & Molero	Delphinium bolosii C.Blanché & Molero	C.Blanché & Molero	ES	Ulldemolins, els Segalassos	Tarragona	PRESENT		cb202839-87c6-456a-821c-dc5b268a200f	41.31	0.92	706.0						1984-08-01	1	8	1984	3922942	7276601	PRESERVED_SPECIMEN	BCN	Corm	35754				CC_BY_NC_4_0	CRAI CeDocBiV - Universitat de Barcelona	Blanché Vergés, Cèsar & Ferrer, R.			2024-01-25T09:59:03.829Z		GEODETIC_DATUM_ASSUMED_WGS84;CONTINENT_DERIVED_FROM_COORDINATES;MODIFIED_DATE_INVALID;COLLECTION_MATCH_NONE;INSTITUTION_MATCH_FUZZY;DIFFERENT_OWNER_INSTITUTION
3033688966	834f1756-f762-11e1-a439-00145eb45e9a	BCN 33966	Plantae	Tracheophyta	Magnoliopsida	Ranunculales	Ranunculaceae	Delphinium	Delphinium fissum		SPECIES	Delphinium bolosii C.Blanché & Molero	Delphinium bolosii C.Blanché & Molero	C.Blanché & Molero	ES	Rubió de Baix	Lleida	PRESENT		cb202839-87c6-456a-821c-dc5b268a200f	41.9	1.0	707.0						1991-06-12	12	6	1991	3922942	7276601	PRESERVED_SPECIMEN	BCN	Corm	33966				CC_BY_NC_4_0	CRAI CeDocBiV - Universitat de Barcelona	Blanché Vergés, Cèsar			2024-01-25T09:59:03.936Z		GEODETIC_DATUM_ASSUMED_WGS84;CONTINENT_DERIVED_FROM_COORDINATES;MODIFIED_DATE_INVALID;COLLECTION_MATCH_NONE;INSTITUTION_MATCH_FUZZY;DIFFERENT_OWNER_INSTITUTION
3033683400	834f1756-f762-11e1-a439-00145eb45e9a	BCN 1933	Plantae	Tracheophyta	Magnoliopsida	Ranunculales	Ranunculaceae	Delphinium	Delphinium fissum		SPECIES	Delphinium bolosii C.Blanché & Molero	Delphinium bolosii C.Blanché & Molero	C.Blanché & Molero	ES	Ulldemolins, Els Segalassos	Tarragona	PRESENT		cb202839-87c6-456a-821c-dc5b268a200f	41.31	0.91	7071.0		630.0	0.0			1980-08-04	4	8	1980	3922942	7276601	PRESERVED_SPECIMEN	BCN	Corm	1933				CC_BY_NC_4_0	CRAI CeDocBiV - Universitat de Barcelona	Molero Briones, Julià			2024-01-25T09:59:10.982Z		GEODETIC_DATUM_ASSUMED_WGS84;CONTINENT_DERIVED_FROM_COORDINATES;MODIFIED_DATE_INVALID;TYPE_STATUS_INVALID;COLLECTION_MATCH_NONE;INSTITUTION_MATCH_FUZZY;DIFFERENT_OWNER_INSTITUTION
3033682399	834f1756-f762-11e1-a439-00145eb45e9a	BCN 1932	Plantae	Tracheophyta	Magnoliopsida	Ranunculales	Ranunculaceae	Delphinium	Delphinium fissum		SPECIES	Delphinium bolosii C.Blanché & Molero	Delphinium bolosii C.Blanché & Molero	C.Blanché & Molero	ES	Ulldemolins, Els Segalassos	Tarragona	PRESENT		cb202839-87c6-456a-821c-dc5b268a200f	41.31	0.91	7071.0		630.0	0.0			1980-08-04	4	8	1980	3922942	7276601	PRESERVED_SPECIMEN	BCN	Corm	1932				CC_BY_NC_4_0	CRAI CeDocBiV - Universitat de Barcelona	Molero Briones, Julià			2024-01-25T09:59:00.723Z		GEODETIC_DATUM_ASSUMED_WGS84;CONTINENT_DERIVED_FROM_COORDINATES;MODIFIED_DATE_INVALID;TYPE_STATUS_INVALID;COLLECTION_MATCH_NONE;INSTITUTION_MATCH_FUZZY;DIFFERENT_OWNER_INSTITUTION
3033674332	834f1756-f762-11e1-a439-00145eb45e9a	BCN 127363	Plantae	Tracheophyta	Magnoliopsida	Ranunculales	Ranunculaceae	Delphinium	Delphinium fissum		SPECIES	Delphinium bolosii C.Blanché & Molero	Delphinium bolosii C.Blanché & Molero	C.Blanché & Molero	ES	Alòs de Balaguer	Lleida	PRESENT		cb202839-87c6-456a-821c-dc5b268a200f	41.94	1.01	7071.0		375.0	25.0							3922942	7276601	PRESERVED_SPECIMEN	BCN	Corm	127363				CC_BY_NC_4_0	CRAI CeDocBiV - Universitat de Barcelona	Bosch Daniel, Maria; Martinell, M. C.; Molero Briones, Julià & Rovira López, Anna Maria			2024-01-25T09:59:08.820Z		GEODETIC_DATUM_ASSUMED_WGS84;CONTINENT_DERIVED_FROM_COORDINATES;MODIFIED_DATE_INVALID;COLLECTION_MATCH_NONE;INSTITUTION_MATCH_FUZZY;DIFFERENT_OWNER_INSTITUTION
3033661645	834f1756-f762-11e1-a439-00145eb45e9a	BCN 113231	Plantae	Tracheophyta	Magnoliopsida	Ranunculales	Ranunculaceae	Delphinium	Delphinium fissum		SPECIES	Delphinium bolosii C.Blanché & Molero	Delphinium bolosii C.Blanché & Molero	C.Blanché & Molero	ES	Sant Llorenç de Munt	Barcelona	PRESENT		cb202839-87c6-456a-821c-dc5b268a200f	41.65	1.98	7314.0						2014-07-01	1	7	2014	3922942	7276601	PRESERVED_SPECIMEN	BCN	Corm	113231				CC_BY_NC_4_0	CRAI CeDocBiV - Universitat de Barcelona	Bosch Daniel, Maria			2024-01-25T09:59:17.616Z		GEODETIC_DATUM_ASSUMED_WGS84;CONTINENT_DERIVED_FROM_COORDINATES;MODIFIED_DATE_INVALID;COLLECTION_MATCH_NONE;INSTITUTION_MATCH_FUZZY;DIFFERENT_OWNER_INSTITUTION
3033615218	834f1756-f762-11e1-a439-00145eb45e9a	BCN 18668	Plantae	Tracheophyta	Magnoliopsida	Ranunculales	Ranunculaceae	Delphinium	Delphinium fissum		SPECIES	Delphinium bolosii C.Blanché & Molero	Delphinium bolosii C.Blanché & Molero	C.Blanché & Molero	ES	Ulldemolins, Els Segalassos	Tarragona	PRESENT		cb202839-87c6-456a-821c-dc5b268a200f	41.31	0.91	7071.0		650.0	0.0			1983-06-14	14	6	1983	3922942	7276601	PRESERVED_SPECIMEN	BCN	Corm	18668				CC_BY_NC_4_0	CRAI CeDocBiV - Universitat de Barcelona	Blanché Vergés, Cèsar			2024-01-25T09:59:02.759Z		GEODETIC_DATUM_ASSUMED_WGS84;CONTINENT_DERIVED_FROM_COORDINATES;MODIFIED_DATE_INVALID;COLLECTION_MATCH_NONE;INSTITUTION_MATCH_FUZZY;DIFFERENT_OWNER_INSTITUTION
3033613217	834f1756-f762-11e1-a439-00145eb45e9a	BCN 18671	Plantae	Tracheophyta	Magnoliopsida	Ranunculales	Ranunculaceae	Delphinium	Delphinium fissum		SPECIES	Delphinium bolosii C.Blanché & Molero	Delphinium bolosii C.Blanché & Molero	C.Blanché & Molero	ES	Ulldemolins, els Segalassos	Tarragona	PRESENT		cb202839-87c6-456a-821c-dc5b268a200f	41.31	0.92	706.0						1992-07-09	9	7	1992	3922942	7276601	PRESERVED_SPECIMEN	BCN	Corm	18671				CC_BY_NC_4_0	CRAI CeDocBiV - Universitat de Barcelona	Bosch Daniel, Maria			2024-01-25T09:59:12.163Z		GEODETIC_DATUM_ASSUMED_WGS84;CONTINENT_DERIVED_FROM_COORDINATES;MODIFIED_DATE_INVALID;COLLECTION_MATCH_NONE;INSTITUTION_MATCH_FUZZY;DIFFERENT_OWNER_INSTITUTION
3033610401	834f1756-f762-11e1-a439-00145eb45e9a	BCN 1935	Plantae	Tracheophyta	Magnoliopsida	Ranunculales	Ranunculaceae	Delphinium	Delphinium fissum		SPECIES	Delphinium bolosii C.Blanché & Molero	Delphinium bolosii C.Blanché & Molero	C.Blanché & Molero	ES	Ulldemolins, Els Segalassos	Tarragona	PRESENT		cb202839-87c6-456a-821c-dc5b268a200f	41.31	0.91	7071.0		630.0	0.0			1980-08-04	4	8	1980	3922942	7276601	PRESERVED_SPECIMEN	BCN	Corm	1935				CC_BY_NC_4_0	CRAI CeDocBiV - Universitat de Barcelona	Molero Briones, Julià			2024-01-25T09:59:10.841Z		GEODETIC_DATUM_ASSUMED_WGS84;CONTINENT_DERIVED_FROM_COORDINATES;MODIFIED_DATE_INVALID;TYPE_STATUS_INVALID;COLLECTION_MATCH_NONE;INSTITUTION_MATCH_FUZZY;DIFFERENT_OWNER_INSTITUTION
3033609216	834f1756-f762-11e1-a439-00145eb45e9a	BCN 18669	Plantae	Tracheophyta	Magnoliopsida	Ranunculales	Ranunculaceae	Delphinium	Delphinium fissum		SPECIES	Delphinium bolosii C.Blanché & Molero	Delphinium bolosii C.Blanché & Molero	C.Blanché & Molero	ES	Ulldemolins, Els Segalassos	Tarragona	PRESENT		cb202839-87c6-456a-821c-dc5b268a200f	41.31	0.91	7071.0		650.0	0.0			1983-06-14	14	6	1983	3922942	7276601	PRESERVED_SPECIMEN	BCN	Corm	18669				CC_BY_NC_4_0	CRAI CeDocBiV - Universitat de Barcelona	Blanché Vergés, Cèsar			2024-01-25T09:59:10.936Z		GEODETIC_DATUM_ASSUMED_WGS84;CONTINENT_DERIVED_FROM_COORDINATES;MODIFIED_DATE_INVALID;COLLECTION_MATCH_NONE;INSTITUTION_MATCH_FUZZY;DIFFERENT_OWNER_INSTITUTION
3033607215	834f1756-f762-11e1-a439-00145eb45e9a	BCN 18667	Plantae	Tracheophyta	Magnoliopsida	Ranunculales	Ranunculaceae	Delphinium	Delphinium fissum		SPECIES	Delphinium bolosii C.Blanché & Molero	Delphinium bolosii C.Blanché & Molero	C.Blanché & Molero	ES	Ulldemolins, Els Segalassos	Tarragona	PRESENT		cb202839-87c6-456a-821c-dc5b268a200f	41.31	0.91	7071.0		650.0	0.0			1983-06-14	14	6	1983	3922942	7276601	PRESERVED_SPECIMEN	BCN	Corm	18667				CC_BY_NC_4_0	CRAI CeDocBiV - Universitat de Barcelona	Blanché Vergés, Cèsar			2024-01-25T09:59:10.942Z		GEODETIC_DATUM_ASSUMED_WGS84;CONTINENT_DERIVED_FROM_COORDINATES;MODIFIED_DATE_INVALID;COLLECTION_MATCH_NONE;INSTITUTION_MATCH_FUZZY;DIFFERENT_OWNER_INSTITUTION
3033606403	834f1756-f762-11e1-a439-00145eb45e9a	BCN 1936	Plantae	Tracheophyta	Magnoliopsida	Ranunculales	Ranunculaceae	Delphinium	Delphinium fissum		SPECIES	Delphinium bolosii C.Blanché & Molero	Delphinium bolosii C.Blanché & Molero	C.Blanché & Molero	ES	Ulldemolins, Els Segalassos	Tarragona	PRESENT		cb202839-87c6-456a-821c-dc5b268a200f	41.31	0.91	7071.0		630.0	0.0			1980-08-04	4	8	1980	3922942	7276601	PRESERVED_SPECIMEN	BCN	Corm	1936				CC_BY_NC_4_0	CRAI CeDocBiV - Universitat de Barcelona	Molero Briones, Julià			2024-01-25T09:59:09.967Z		GEODETIC_DATUM_ASSUMED_WGS84;CONTINENT_DERIVED_FROM_COORDINATES;MODIFIED_DATE_INVALID;TYPE_STATUS_INVALID;COLLECTION_MATCH_NONE;INSTITUTION_MATCH_FUZZY;DIFFERENT_OWNER_INSTITUTION
3033606221	834f1756-f762-11e1-a439-00145eb45e9a	BCN 18670	Plantae	Tracheophyta	Magnoliopsida	Ranunculales	Ranunculaceae	Delphinium	Delphinium fissum		SPECIES	Delphinium bolosii C.Blanché & Molero	Delphinium bolosii C.Blanché & Molero	C.Blanché & Molero	ES	Rubió de Baix	Lleida	PRESENT		cb202839-87c6-456a-821c-dc5b268a200f	41.9	1.0	3078.0						1992-07-05	5	7	1992	3922942	7276601	PRESERVED_SPECIMEN	BCN	Corm	18670				CC_BY_NC_4_0	CRAI CeDocBiV - Universitat de Barcelona	Bosch Daniel, Maria			2024-01-25T09:59:03.038Z		GEODETIC_DATUM_ASSUMED_WGS84;CONTINENT_DERIVED_FROM_COORDINATES;MODIFIED_DATE_INVALID;COLLECTION_MATCH_NONE;INSTITUTION_MATCH_FUZZY;DIFFERENT_OWNER_INSTITUTION
2521428756	838475f4-f762-11e1-a439-00145eb45e9a	a6143b55-99a6-4ebc-bbbd-c13f11669829	Plantae	Tracheophyta	Magnoliopsida	Ranunculales	Ranunculaceae	Delphinium	Delphinium fissum		SPECIES	Delphinium bolosii C.Blanché & Molero	Delphinium bolosii C.Blanché & Molero	C.Blanché & Molero	ES	Prades; Ulldemolins, Barranc dels Segalassos	Tarragona	PRESENT		6f3ccc65-0a54-4e65-ae7e-13b92d618e7c	41.31	0.91	7071.07		630.0	0.0			1980-08-04	4	8	1980	3922942	7276601	PRESERVED_SPECIMEN	BC	BC	BC-804686				CC_BY_NC_4_0		J. Molero	ISOTYPE		2024-01-25T10:01:33.679Z	StillImage	GEODETIC_DATUM_ASSUMED_WGS84;CONTINENT_DERIVED_FROM_COORDINATES;INSTITUTION_MATCH_NONE
218006914	4cf3eec1-b902-40c9-b15b-05c5fe5928b6	FUND. BIODIVERSIDAD:ANTHOS:1942030	Plantae	Tracheophyta	Magnoliopsida	Ranunculales	Ranunculaceae	Delphinium	Delphinium fissum		SPECIES	Delphinium bolosii C.Blanché & Molero	Delphinium bolosii C. Blanché & Molero	C. Blanché & Molero	ES	Provincia de Tarragona	T	PRESENT		0363cbd4-f666-455e-8e86-0bbddcf51950	41.3088839	0.9088676	7071.0										3922942	7276601	HUMAN_OBSERVATION	FUND. BIODIVERSIDAD	ANTHOS	1942030				CC_BY_NC_4_0					2024-01-25T07:25:32.979Z		COORDINATE_REPROJECTED;CONTINENT_DERIVED_FROM_COORDINATES;MODIFIED_DATE_INVALID
218006522	4cf3eec1-b902-40c9-b15b-05c5fe5928b6	FUND. BIODIVERSIDAD:ANTHOS:1678486	Plantae	Tracheophyta	Magnoliopsida	Ranunculales	Ranunculaceae	Delphinium	Delphinium fissum		SPECIES	Delphinium bolosii C.Blanché & Molero	Delphinium bolosii C. Blanché & Molero	C. Blanché & Molero	ES	Localidad sin especificar	Esp	PRESENT		0363cbd4-f666-455e-8e86-0bbddcf51950	41.3088839	0.9088676	7071.0		500.0	0.0							3922942	7276601	HUMAN_OBSERVATION	FUND. BIODIVERSIDAD	ANTHOS	1678486				CC_BY_NC_4_0					2024-01-25T07:25:25.311Z		COORDINATE_REPROJECTED;CONTINENT_DERIVED_FROM_COORDINATES;MODIFIED_DATE_INVALID
214713356	9621f47a-f762-11e1-a439-00145eb45e9a	214713356	Plantae	Tracheophyta	Magnoliopsida	Ranunculales	Ranunculaceae	Delphinium	Delphinium fissum		SPECIES	Delphinium bolosii C.Blanché & Molero	Delphinium bolosii C. BlanchÃ© & Molero	C. BlanchÃ© & Molero	ES	Ulldemolins, loco dicto Els Segalassos	T	PRESENT		797b2594-278e-421d-88c1-0925d122d611	41.310001	0.91			650.0	0.0	0.0	0.0	1983-06-14	14	6	1983	3922942	7276601	PRESERVED_SPECIMEN	JBAG	JBAG-Lainz	2256-1				CC_BY_4_0		C. Blanché			2024-01-24T22:32:11.693Z		COORDINATE_ROUNDED;GEODETIC_DATUM_ASSUMED_WGS84;COORDINATE_PRECISION_INVALID;CONTINENT_DERIVED_FROM_COORDINATES;COLLECTION_MATCH_NONE;INSTITUTION_MATCH_FUZZY
210394592	865df020-f762-11e1-a439-00145eb45e9a		Plantae	Tracheophyta	Magnoliopsida	Ranunculales	Ranunculaceae	Delphinium	Delphinium fissum		SPECIES	Delphinium bolosii C.Blanché & Molero	Delphinium bolosii C.Blanche & Molero		ES	La Noguer, Rubio de Baix, province of Lerida		PRESENT		a3c228d0-3110-11db-abb8-b8a03c50a862													3922942	7276601	PRESERVED_SPECIMEN	ESP003	ESP	NC067819				CC_BY_4_0					2025-01-04T18:25:00.585Z		INSTITUTION_MATCH_NONE
198456107	9621f47a-f762-11e1-a439-00145eb45e9a	198456107	Plantae	Tracheophyta	Magnoliopsida	Ranunculales	Ranunculaceae	Delphinium	Delphinium fissum		SPECIES	Delphinium bolosii C.Blanché & Molero	Delphinium bolosii C. Blanché & Molero	C. Blanché & Molero	ES	Ulldemolins, loco dicto Els Segalassos	T	PRESENT		797b2594-278e-421d-88c1-0925d122d611	41.310001	0.91			650.0	0.0	0.0	0.0	1983-06-14	14	6	1983	3922942	7276601	PRESERVED_SPECIMEN	JBAG	JBAG-Lainz	2256-1				CC_BY_4_0		C. Blanché			2024-01-24T22:32:11.121Z		COORDINATE_ROUNDED;GEODETIC_DATUM_ASSUMED_WGS84;COORDINATE_PRECISION_INVALID;CONTINENT_DERIVED_FROM_COORDINATES;COLLECTION_MATCH_NONE;INSTITUTION_MATCH_FUZZY
1936329502	834c9918-f762-11e1-a439-00145eb45e9a	6373d553-15a9-4d1a-9d14-83b3cc801109	Plantae	Tracheophyta	Magnoliopsida	Ranunculales	Ranunculaceae	Delphinium	Delphinium fissum		SPECIES	Delphinium bolosii C.Blanché & Molero	Delphinium bolosii C. Blanché & Molero	C. Blanché & Molero	ES	Tordellego, al S de Dehesa Boyal, río Gallo	Guadalajara	PRESENT		0363cbd4-f666-455e-8e86-0bbddcf51950	40.72875	-1.667794			1215.0								3922942	7276601	PRESERVED_SPECIMEN	MA	MA	MA-01-00924306				CC_BY_NC_4_0					2024-04-09T06:13:11.557Z	StillImage	COORDINATE_ROUNDED;GEODETIC_DATUM_ASSUMED_WGS84;CONTINENT_DERIVED_FROM_COORDINATES;TAXON_MATCH_TAXON_ID_IGNORED;INSTITUTION_MATCH_FUZZY;COLLECTION_MATCH_FUZZY
1936329181	834c9918-f762-11e1-a439-00145eb45e9a	991cd4ac-ba6d-46dd-b1b8-47cbeabb52dc	Plantae	Tracheophyta	Magnoliopsida	Ranunculales	Ranunculaceae	Delphinium	Delphinium fissum		SPECIES	Delphinium bolosii C.Blanché & Molero	Delphinium bolosii C. Blanché & Molero	C. Blanché & Molero	ES	Tordellego, al S de Dehesa Boyal, río Gallo	Guadalajara	PRESENT		0363cbd4-f666-455e-8e86-0bbddcf51950	40.72875	-1.667794			1215.0								3922942	7276601	PRESERVED_SPECIMEN	MA	MA	MA-01-00924305				CC_BY_NC_4_0					2024-04-09T06:13:15.294Z	StillImage	COORDINATE_ROUNDED;GEODETIC_DATUM_ASSUMED_WGS84;CONTINENT_DERIVED_FROM_COORDINATES;TAXON_MATCH_TAXON_ID_IGNORED;INSTITUTION_MATCH_FUZZY;COLLECTION_MATCH_FUZZY
1936329151	834c9918-f762-11e1-a439-00145eb45e9a	72f6a994-9ac4-4372-9030-2cb69c95d0a5	Plantae	Tracheophyta	Magnoliopsida	Ranunculales	Ranunculaceae	Delphinium	Delphinium fissum		SPECIES	Delphinium bolosii C.Blanché & Molero	Delphinium bolosii C. Blanché & Molero	C. Blanché & Molero	ES	Morenilla, pr. Cerro Pajares	Guadalajara	PRESENT		0363cbd4-f666-455e-8e86-0bbddcf51950					1180.0								3922942	7276601	PRESERVED_SPECIMEN	MA	MA	MA-01-00924304				CC_BY_NC_4_0					2024-04-09T06:13:14.610Z	StillImage	TAXON_MATCH_TAXON_ID_IGNORED;INSTITUTION_MATCH_FUZZY;COLLECTION_MATCH_FUZZY
1936328798	834c9918-f762-11e1-a439-00145eb45e9a	ab408f2a-f560-455b-890d-b9c4ad7e8d9b	Plantae	Tracheophyta	Magnoliopsida	Ranunculales	Ranunculaceae	Delphinium	Delphinium fissum		SPECIES	Delphinium bolosii C.Blanché & Molero	Delphinium bolosii C. Blanché & Molero	C. Blanché & Molero	ES	Tordellego, al S de Dehesa Boyal, río Gallo	Guadalajara	PRESENT		0363cbd4-f666-455e-8e86-0bbddcf51950	40.72875	-1.667794			1215.0								3922942	7276601	PRESERVED_SPECIMEN	MA	MA	MA-01-00924302				CC_BY_NC_4_0					2024-04-09T06:13:15.673Z	StillImage	COORDINATE_ROUNDED;GEODETIC_DATUM_ASSUMED_WGS84;CONTINENT_DERIVED_FROM_COORDINATES;TAXON_MATCH_TAXON_ID_IGNORED;INSTITUTION_MATCH_FUZZY;COLLECTION_MATCH_FUZZY
1936328790	834c9918-f762-11e1-a439-00145eb45e9a	c745c313-5b0c-435e-aa4b-18c54604d78c	Plantae	Tracheophyta	Magnoliopsida	Ranunculales	Ranunculaceae	Delphinium	Delphinium fissum		SPECIES	Delphinium bolosii C.Blanché & Molero	Delphinium bolosii C. Blanché & Molero	C. Blanché & Molero	ES	Chera, río Gallo, pr. Los Cuadros	Guadalajara	PRESENT		0363cbd4-f666-455e-8e86-0bbddcf51950	40.783717	-1.749656			1140.0								3922942	7276601	PRESERVED_SPECIMEN	MA	MA	MA-01-00924303				CC_BY_NC_4_0					2024-04-09T06:13:16.163Z	StillImage	COORDINATE_ROUNDED;GEODETIC_DATUM_ASSUMED_WGS84;CONTINENT_DERIVED_FROM_COORDINATES;TAXON_MATCH_TAXON_ID_IGNORED;INSTITUTION_MATCH_FUZZY;COLLECTION_MATCH_FUZZY
1936129784	834c9918-f762-11e1-a439-00145eb45e9a	40a146b3-20fe-11e3-9e2e-000c29035824	Plantae	Tracheophyta	Magnoliopsida	Ranunculales	Ranunculaceae	Delphinium	Delphinium fissum		SPECIES	Delphinium bolosii C.Blanché & Molero	Delphinium bolosii C. Blanché & Molero	C. Blanché & Molero	ES	Ulldemolins	Tarragona	PRESENT		0363cbd4-f666-455e-8e86-0bbddcf51950	41.2595	0.8502							1983-06-14	14	6	1983	3922942	7276601	PRESERVED_SPECIMEN	MA	MA	MA-01-00370885				CC_BY_NC_4_0		C. Blanché			2024-04-09T06:12:42.959Z	StillImage	GEODETIC_DATUM_ASSUMED_WGS84;CONTINENT_DERIVED_FROM_COORDINATES;TAXON_MATCH_TAXON_ID_IGNORED;INSTITUTION_MATCH_FUZZY;COLLECTION_MATCH_FUZZY
1851366716	7b74be32-f762-11e1-a439-00145eb45e9a	810AF62D-5E40-4AFA-A899-03C116E816C7	Plantae	Tracheophyta	Magnoliopsida	Ranunculales	Ranunculaceae	Delphinium	Delphinium fissum		SPECIES	Delphinium bolosii C.Blanché & Molero	Delphinium bolosii C.Blanché & Molero	C.Blanché & Molero	ES	La Noguera. Rubió de Baix. Artesa de Segre. Càmping Cel de Balaguer	Lérida	PRESENT	1	730cd32c-627f-44a8-9d93-fcfb23ade969	41.908	1.005	707.0						1991-06-12	12	6	1991	3922942	7276601	PRESERVED_SPECIMEN	LEB	LEB	104606-1				CC_BY_NC_4_0		C.Blanchè			2024-01-24T20:22:56.143Z		GEODETIC_DATUM_ASSUMED_WGS84;CONTINENT_DERIVED_FROM_COORDINATES;MODIFIED_DATE_INVALID;OCCURRENCE_STATUS_INFERRED_FROM_INDIVIDUAL_COUNT;INSTITUTION_MATCH_FUZZY;COLLECTION_MATCH_FUZZY
1851364838	7b74be32-f762-11e1-a439-00145eb45e9a	7C6B79D9-2DE6-4984-92FB-505FAA7BC61A	Plantae	Tracheophyta	Magnoliopsida	Ranunculales	Ranunculaceae	Delphinium	Delphinium fissum		SPECIES	Delphinium bolosii C.Blanché & Molero	Delphinium bolosii C.Blanché & Molero	C.Blanché & Molero	ES	Els Segalassos. Ulldemolins	Tarragona	PRESENT	1	730cd32c-627f-44a8-9d93-fcfb23ade969	41.31	0.91	7071.0						1992-07-09	9	7	1992	3922942	7276601	PRESERVED_SPECIMEN	LEB	LEB	85071-1				CC_BY_NC_4_0		M.Bosch			2024-01-24T20:22:50.402Z		GEODETIC_DATUM_ASSUMED_WGS84;CONTINENT_DERIVED_FROM_COORDINATES;MODIFIED_DATE_INVALID;OCCURRENCE_STATUS_INFERRED_FROM_INDIVIDUAL_COUNT;INSTITUTION_MATCH_FUZZY;COLLECTION_MATCH_FUZZY
1851326831	7b74be32-f762-11e1-a439-00145eb45e9a	169B8E44-9EAE-4E4F-9F89-ACF1CD74DD84	Plantae	Tracheophyta	Magnoliopsida	Ranunculales	Ranunculaceae	Delphinium	Delphinium fissum		SPECIES	Delphinium bolosii C.Blanché & Molero	Delphinium bolosii C.Blanché & Molero	C.Blanché & Molero	ES	"La Noguera. Rubió de Baix. a 5 Km d´Artesa de Segre. Camping ""Cel de Balaguer"""	Lérida	PRESENT	1	730cd32c-627f-44a8-9d93-fcfb23ade969	41.908	1.005	707.0						1991-06-12	12	6	1991	3922942	7276601	PRESERVED_SPECIMEN	LEB	LEB	100499-1				CC_BY_NC_4_0		C.Blanché			2024-01-24T20:22:31.646Z		GEODETIC_DATUM_ASSUMED_WGS84;CONTINENT_DERIVED_FROM_COORDINATES;MODIFIED_DATE_INVALID;OCCURRENCE_STATUS_INFERRED_FROM_INDIVIDUAL_COUNT;INSTITUTION_MATCH_FUZZY;COLLECTION_MATCH_FUZZY
1701516307	7f5260c2-f762-11e1-a439-00145eb45e9a	present	Plantae	Tracheophyta	Magnoliopsida	Ranunculales	Ranunculaceae	Delphinium	Delphinium fissum		SPECIES	Delphinium bolosii C.Blanché & Molero	Delphinium bolosii C. Blanché & Molero	C. Blanché & Molero	ES	"La Noguera: Rubió de Baix, a 5 km d'Artesa de Segre sobre el Càmping ""Cel de Balaguer"", UTM: 31T CG 3441"		PRESENT		4e11d750-bafb-11d9-8e53-b8a03c50a862	41.90639	1.00083							1991-06-12	12	6	1991	3922942	7276601	PRESERVED_SPECIMEN	W	Herbarium W	2007-0023856	s.n.	Blanché, C.		CC_BY_4_0		Blanché,C. s.n. [1991-06-12]			2025-01-17T15:54:22.147Z		CONTINENT_DERIVED_FROM_COORDINATES;OCCURRENCE_STATUS_UNPARSABLE;INSTITUTION_MATCH_FUZZY;COLLECTION_MATCH_FUZZY
1701515125	7f5260c2-f762-11e1-a439-00145eb45e9a	present	Plantae	Tracheophyta	Magnoliopsida	Ranunculales	Ranunculaceae	Delphinium	Delphinium fissum		SPECIES	Delphinium bolosii C.Blanché & Molero	Delphinium bolosii C. Blanché & Molero	C. Blanché & Molero	ES	"La Noguera: Rubió de Baix, a 5 km d'Artesa de Segre sobre el Càmping ""Cel de Balaguer"", UTM: 31T CG 3441"		PRESENT		4e11d750-bafb-11d9-8e53-b8a03c50a862	41.90639	1.00083							1991-06-12	12	6	1991	3922942	7276601	PRESERVED_SPECIMEN	W	Herbarium W	0025654	s.n.	Blanché, C.		CC_BY_4_0		Blanché,C. s.n. [1991-06-12]			2025-01-17T15:53:40.868Z		CONTINENT_DERIVED_FROM_COORDINATES;OCCURRENCE_STATUS_UNPARSABLE;INSTITUTION_MATCH_FUZZY;COLLECTION_MATCH_FUZZY
1676482770	c3937703-e166-402a-9826-556206aaa1f4	JBB:BGJBB:4463	Plantae	Tracheophyta	Magnoliopsida	Ranunculales	Ranunculaceae	Delphinium	Delphinium fissum		SPECIES	Delphinium bolosii C.Blanché & Molero	Delphinium bolosii  C.Blanché & Molero	C.Blanché & Molero	ES	Aprop de les Gorgeres a Ulldemolins, localització típica	Tarragona	PRESENT	96	68c6ec5b-d08d-4b12-95f0-6b86f92e0b69	41.32814	0.88496	1.0		640.0				2015-06-09	9	6	2015	3922942	7276601	LIVING_SPECIMEN	JBB	BGJBB	4463				CC_BY_4_0		Maurici Montané Gil			2024-01-25T00:13:02.350Z		GEODETIC_DATUM_ASSUMED_WGS84;OCCURRENCE_STATUS_INFERRED_FROM_INDIVIDUAL_COUNT;COLLECTION_MATCH_NONE;INSTITUTION_MATCH_FUZZY
1676482677	c3937703-e166-402a-9826-556206aaa1f4	JBB:BGJBB:5049	Plantae	Tracheophyta	Magnoliopsida	Ranunculales	Ranunculaceae	Delphinium	Delphinium fissum		SPECIES	Delphinium bolosii C.Blanché & Molero	Delphinium bolosii  C.Blanché & Molero	C.Blanché & Molero	ES	Riu de Prades	Tarragona	PRESENT	2005	68c6ec5b-d08d-4b12-95f0-6b86f92e0b69	41.33262	0.88696	1.0						2016-07-19	19	7	2016	3922942	7276601	LIVING_SPECIMEN	JBB	BGJBB	5049				CC_BY_4_0		Maurici Montané Gil			2024-01-25T00:13:03.447Z		GEODETIC_DATUM_ASSUMED_WGS84;OCCURRENCE_STATUS_INFERRED_FROM_INDIVIDUAL_COUNT;COLLECTION_MATCH_NONE;INSTITUTION_MATCH_FUZZY
1676482665	c3937703-e166-402a-9826-556206aaa1f4	JBB:BGJBB:5048	Plantae	Tracheophyta	Magnoliopsida	Ranunculales	Ranunculaceae	Delphinium	Delphinium fissum		SPECIES	Delphinium bolosii C.Blanché & Molero	Delphinium bolosii  C.Blanché & Molero	C.Blanché & Molero	ES	Barranc dels Rastors	Tarragona	PRESENT	4659	68c6ec5b-d08d-4b12-95f0-6b86f92e0b69	41.33034	0.89187	1.0						2016-07-19	19	7	2016	3922942	7276601	LIVING_SPECIMEN	JBB	BGJBB	5048				CC_BY_4_0		Maurici Montané Gil			2024-01-25T00:13:03.448Z		GEODETIC_DATUM_ASSUMED_WGS84;OCCURRENCE_STATUS_INFERRED_FROM_INDIVIDUAL_COUNT;COLLECTION_MATCH_NONE;INSTITUTION_MATCH_FUZZY
164862570	6360a554-f762-11e1-a439-00145eb45e9a	164862570	Plantae	Tracheophyta	Magnoliopsida	Ranunculales	Ranunculaceae	Delphinium	Delphinium fissum		SPECIES	Delphinium bolosii C.Blanché & Molero	Delphinium bolosii C. Blanché & Molero	C. Blanché & Molero	ES		Lleida	PRESENT		7338b4d9-d75b-4edb-b238-b09f52397f49	41.939999	1.01							2006			2006	3922942	7276601	HUMAN_OBSERVATION	ARM	ARM-INB-2007-Flora-Vascular-Amenazada	460				CC_BY_NC_4_0					2024-01-24T18:59:48.696Z		COORDINATE_ROUNDED;GEODETIC_DATUM_ASSUMED_WGS84;COORDINATE_PRECISION_INVALID
164862569	6360a554-f762-11e1-a439-00145eb45e9a	164862569	Plantae	Tracheophyta	Magnoliopsida	Ranunculales	Ranunculaceae	Delphinium	Delphinium fissum		SPECIES	Delphinium bolosii C.Blanché & Molero	Delphinium bolosii C. Blanché & Molero	C. Blanché & Molero	ES			PRESENT		7338b4d9-d75b-4edb-b238-b09f52397f49	41.310001	0.91							2006			2006	3922942	7276601	HUMAN_OBSERVATION	ARM	ARM-INB-2007-Flora-Vascular-Amenazada	459				CC_BY_NC_4_0					2024-01-24T18:59:48.705Z		COORDINATE_ROUNDED;GEODETIC_DATUM_ASSUMED_WGS84;COORDINATE_PRECISION_INVALID
1587337784	b5cdf794-8fa4-4a85-8b26-755d087bf531	http://coldb.mnhn.fr/catalognumber/mnhn/p/p00899051	Plantae	Tracheophyta	Magnoliopsida	Ranunculales	Ranunculaceae	Delphinium	Delphinium fissum		SPECIES	Delphinium bolosii C.Blanché & Molero	Delphinium bolosii C. Blanché & Molero	C. Blanché & Molero				PRESENT		2cd829bb-b713-433d-99cf-64bef11e5b3e													3922942	7276601	PRESERVED_SPECIMEN	MNHN	P	P00899051				CC_BY_4_0					2025-01-29T13:10:13.100Z	StillImage	
1439645946	dbc709b9-e36e-4dd7-ab5b-c3cb08c2779d	f9219f02-c37c-11e6-9598-0800200c9a66	Plantae	Tracheophyta	Magnoliopsida	Ranunculales	Ranunculaceae	Delphinium	Delphinium fissum		SPECIES	Delphinium bolosii C.Blanché & Molero	Delphinium bolosii C.Blanché & Molero	C.Blanché & Molero	ES	Rubió de Baix, Cel de Rubió	Lleida	PRESENT		ecb9d4a0-9e99-4ce7-b571-925a963a4d32	41.94	1.01			300.0	0.0							3922942	7276601	PRESERVED_SPECIMEN	threatenedCAT	threatenedCAT	HBIL-8074	4495 JP			CC_BY_4_0		Pedrol, Joan			2024-01-25T01:08:29.203Z		GEODETIC_DATUM_ASSUMED_WGS84;COORDINATE_PRECISION_INVALID;CONTINENT_DERIVED_FROM_COORDINATES;INSTITUTION_MATCH_NONE
1439645945	dbc709b9-e36e-4dd7-ab5b-c3cb08c2779d	f9219f01-c37c-11e6-9598-0800200c9a66	Plantae	Tracheophyta	Magnoliopsida	Ranunculales	Ranunculaceae	Delphinium	Delphinium fissum		SPECIES	Delphinium bolosii C.Blanché & Molero	Delphinium bolosii C.Blanché & Molero	C.Blanché & Molero	ES	Rubió de Baix, Cel de Rubió	Lleida	PRESENT		ecb9d4a0-9e99-4ce7-b571-925a963a4d32	41.94	1.01			300.0	0.0							3922942	7276601	PRESERVED_SPECIMEN	threatenedCAT	threatenedCAT	HBIL-8073	4495 JP			CC_BY_4_0		Pedrol, Joan			2024-01-25T01:08:29.271Z		GEODETIC_DATUM_ASSUMED_WGS84;COORDINATE_PRECISION_INVALID;CONTINENT_DERIVED_FROM_COORDINATES;INSTITUTION_MATCH_NONE
1439645940	dbc709b9-e36e-4dd7-ab5b-c3cb08c2779d	f9219ef7-c37c-11e6-9598-0800200c9a66	Plantae	Tracheophyta	Magnoliopsida	Ranunculales	Ranunculaceae	Delphinium	Delphinium fissum		SPECIES	Delphinium bolosii C.Blanché & Molero	Delphinium bolosii C.Blanché & Molero	C.Blanché & Molero	ES	Barranc dels Segalassos	Tarragona	PRESENT		ecb9d4a0-9e99-4ce7-b571-925a963a4d32	41.31	0.91			630.0	0.0			1980-08-04	4	8	1980	3922942	7276601	PRESERVED_SPECIMEN	threatenedCAT	threatenedCAT	BC-804686				CC_BY_4_0		Molero, Julià			2024-01-25T01:08:29.288Z		GEODETIC_DATUM_ASSUMED_WGS84;COORDINATE_PRECISION_INVALID;CONTINENT_DERIVED_FROM_COORDINATES;INSTITUTION_MATCH_NONE
1439645935	dbc709b9-e36e-4dd7-ab5b-c3cb08c2779d	f9219ef8-c37c-11e6-9598-0800200c9a66	Plantae	Tracheophyta	Magnoliopsida	Ranunculales	Ranunculaceae	Delphinium	Delphinium fissum		SPECIES	Delphinium bolosii C.Blanché & Molero	Delphinium bolosii C.Blanché & Molero	C.Blanché & Molero	ES	Alòs de Balaguer	Lleida	PRESENT		ecb9d4a0-9e99-4ce7-b571-925a963a4d32	41.94	1.01			375.0	25.0							3922942	7276601	PRESERVED_SPECIMEN	threatenedCAT	threatenedCAT	BCN-127363				CC_BY_4_0		Bosch Daniel, Maria; Martinell, M. C.; Molero Briones, Julià & Rovira López, Anna Maria			2024-01-25T01:08:29.090Z		GEODETIC_DATUM_ASSUMED_WGS84;COORDINATE_PRECISION_INVALID;CONTINENT_DERIVED_FROM_COORDINATES;INSTITUTION_MATCH_NONE
1439645930	dbc709b9-e36e-4dd7-ab5b-c3cb08c2779d	f92177ff-c37c-11e6-9598-0800200c9a66	Plantae	Tracheophyta	Magnoliopsida	Ranunculales	Ranunculaceae	Delphinium	Delphinium fissum		SPECIES	Delphinium bolosii C.Blanché & Molero	Delphinium bolosii C.Blanché & Molero	C.Blanché & Molero	ES	Els Segalassos	Tarragona	PRESENT		ecb9d4a0-9e99-4ce7-b571-925a963a4d32	41.31	0.91							1984-08-01	1	8	1984	3922942	7276601	PRESERVED_SPECIMEN	threatenedCAT	threatenedCAT	BCN-35754				CC_BY_4_0		Blanché, Cèsar & Ferrer, R.			2024-01-25T01:08:29.375Z		GEODETIC_DATUM_ASSUMED_WGS84;COORDINATE_PRECISION_INVALID;CONTINENT_DERIVED_FROM_COORDINATES;INSTITUTION_MATCH_NONE
1439645928	dbc709b9-e36e-4dd7-ab5b-c3cb08c2779d	f92177f8-c37c-11e6-9598-0800200c9a66	Plantae	Tracheophyta	Magnoliopsida	Ranunculales	Ranunculaceae	Delphinium	Delphinium fissum		SPECIES	Delphinium bolosii C.Blanché & Molero	Delphinium bolosii C.Blanché & Molero	C.Blanché & Molero	ES	Els Segalassos	Tarragona	PRESENT		ecb9d4a0-9e99-4ce7-b571-925a963a4d32	41.31	0.91			630.0	0.0			1980-08-04	4	8	1980	3922942	7276601	PRESERVED_SPECIMEN	threatenedCAT	threatenedCAT	BCN-1933				CC_BY_4_0		Molero, Julià			2024-01-25T01:08:29.319Z		GEODETIC_DATUM_ASSUMED_WGS84;COORDINATE_PRECISION_INVALID;CONTINENT_DERIVED_FROM_COORDINATES;INSTITUTION_MATCH_NONE
1439645926	dbc709b9-e36e-4dd7-ab5b-c3cb08c2779d	f92177f7-c37c-11e6-9598-0800200c9a66	Plantae	Tracheophyta	Magnoliopsida	Ranunculales	Ranunculaceae	Delphinium	Delphinium fissum		SPECIES	Delphinium bolosii C.Blanché & Molero	Delphinium bolosii C.Blanché & Molero	C.Blanché & Molero	ES	Els Segalassos	Tarragona	PRESENT		ecb9d4a0-9e99-4ce7-b571-925a963a4d32	41.31	0.91			630.0	0.0			1980-08-04	4	8	1980	3922942	7276601	PRESERVED_SPECIMEN	threatenedCAT	threatenedCAT	BCN-1932				CC_BY_4_0		Molero, Julià			2024-01-25T01:08:29.251Z		GEODETIC_DATUM_ASSUMED_WGS84;COORDINATE_PRECISION_INVALID;CONTINENT_DERIVED_FROM_COORDINATES;INSTITUTION_MATCH_NONE
1439645925	dbc709b9-e36e-4dd7-ab5b-c3cb08c2779d	f9219ef3-c37c-11e6-9598-0800200c9a66	Plantae	Tracheophyta	Magnoliopsida	Ranunculales	Ranunculaceae	Delphinium	Delphinium fissum		SPECIES	Delphinium bolosii C.Blanché & Molero	Delphinium bolosii C.Blanché & Molero	C.Blanché & Molero	ES	Rubió de Baix. La Noguera	Lleida	PRESENT		ecb9d4a0-9e99-4ce7-b571-925a963a4d32	41.94	1.01							1992-07-05	5	7	1992	3922942	7276601	PRESERVED_SPECIMEN	threatenedCAT	threatenedCAT	BCN-18670				CC_BY_4_0		Bosch, Maria			2024-01-25T01:08:29.392Z		GEODETIC_DATUM_ASSUMED_WGS84;COORDINATE_PRECISION_INVALID;CONTINENT_DERIVED_FROM_COORDINATES;INSTITUTION_MATCH_NONE
1439645924	dbc709b9-e36e-4dd7-ab5b-c3cb08c2779d	f9219ef5-c37c-11e6-9598-0800200c9a66	Plantae	Tracheophyta	Magnoliopsida	Ranunculales	Ranunculaceae	Delphinium	Delphinium fissum		SPECIES	Delphinium bolosii C.Blanché & Molero	Delphinium bolosii C.Blanché & Molero	C.Blanché & Molero	ES	Sant Llorenç de Munt	Barcelona	PRESENT		ecb9d4a0-9e99-4ce7-b571-925a963a4d32	41.68	1.98							2014-07-01	1	7	2014	3922942	7276601	PRESERVED_SPECIMEN	threatenedCAT	threatenedCAT	BCN-113231				CC_BY_4_0		Bosch, Maria			2024-01-25T01:08:29.044Z		GEODETIC_DATUM_ASSUMED_WGS84;COORDINATE_PRECISION_INVALID;CONTINENT_DERIVED_FROM_COORDINATES;INSTITUTION_MATCH_NONE
1439645919	dbc709b9-e36e-4dd7-ab5b-c3cb08c2779d	f92177fe-c37c-11e6-9598-0800200c9a66	Plantae	Tracheophyta	Magnoliopsida	Ranunculales	Ranunculaceae	Delphinium	Delphinium fissum		SPECIES	Delphinium bolosii C.Blanché & Molero	Delphinium bolosii C.Blanché & Molero	C.Blanché & Molero	ES	Els Segalassos	Tarragona	PRESENT		ecb9d4a0-9e99-4ce7-b571-925a963a4d32	41.31	0.91			650.0	0.0			1983-06-14	14	6	1983	3922942	7276601	PRESERVED_SPECIMEN	threatenedCAT	threatenedCAT	BCN-35752				CC_BY_4_0		Blanché, Cèsar			2024-01-25T01:08:29.166Z		GEODETIC_DATUM_ASSUMED_WGS84;COORDINATE_PRECISION_INVALID;CONTINENT_DERIVED_FROM_COORDINATES;INSTITUTION_MATCH_NONE
1439645917	dbc709b9-e36e-4dd7-ab5b-c3cb08c2779d	f92177fd-c37c-11e6-9598-0800200c9a66	Plantae	Tracheophyta	Magnoliopsida	Ranunculales	Ranunculaceae	Delphinium	Delphinium fissum		SPECIES	Delphinium bolosii C.Blanché & Molero	Delphinium bolosii C.Blanché & Molero	C.Blanché & Molero	ES	Els Segalassos	Tarragona	PRESENT		ecb9d4a0-9e99-4ce7-b571-925a963a4d32	41.31	0.91			650.0	0.0			1983-06-14	14	6	1983	3922942	7276601	PRESERVED_SPECIMEN	threatenedCAT	threatenedCAT	BCN-18669				CC_BY_4_0		Blanché, Cèsar			2024-01-25T01:08:29.312Z		GEODETIC_DATUM_ASSUMED_WGS84;COORDINATE_PRECISION_INVALID;CONTINENT_DERIVED_FROM_COORDINATES;INSTITUTION_MATCH_NONE
1439645915	dbc709b9-e36e-4dd7-ab5b-c3cb08c2779d	f92177fa-c37c-11e6-9598-0800200c9a66	Plantae	Tracheophyta	Magnoliopsida	Ranunculales	Ranunculaceae	Delphinium	Delphinium fissum		SPECIES	Delphinium bolosii C.Blanché & Molero	Delphinium bolosii C.Blanché & Molero	C.Blanché & Molero	ES	Els Segalassos	Tarragona	PRESENT		ecb9d4a0-9e99-4ce7-b571-925a963a4d32	41.31	0.91			630.0	0.0			1980-08-04	4	8	1980	3922942	7276601	PRESERVED_SPECIMEN	threatenedCAT	threatenedCAT	BCN-1936				CC_BY_4_0		Molero, Julià			2024-01-25T01:08:29.356Z		GEODETIC_DATUM_ASSUMED_WGS84;COORDINATE_PRECISION_INVALID;CONTINENT_DERIVED_FROM_COORDINATES;INSTITUTION_MATCH_NONE
1439645914	dbc709b9-e36e-4dd7-ab5b-c3cb08c2779d	f92177fc-c37c-11e6-9598-0800200c9a66	Plantae	Tracheophyta	Magnoliopsida	Ranunculales	Ranunculaceae	Delphinium	Delphinium fissum		SPECIES	Delphinium bolosii C.Blanché & Molero	Delphinium bolosii C.Blanché & Molero	C.Blanché & Molero	ES	Els Segalassos	Tarragona	PRESENT		ecb9d4a0-9e99-4ce7-b571-925a963a4d32	41.31	0.91			650.0	0.0			1983-06-14	14	6	1983	3922942	7276601	PRESERVED_SPECIMEN	threatenedCAT	threatenedCAT	BCN-18668				CC_BY_4_0		Blanché, Cèsar			2024-01-25T01:08:29.267Z		GEODETIC_DATUM_ASSUMED_WGS84;COORDINATE_PRECISION_INVALID;CONTINENT_DERIVED_FROM_COORDINATES;INSTITUTION_MATCH_NONE
1439645913	dbc709b9-e36e-4dd7-ab5b-c3cb08c2779d	f9219ef4-c37c-11e6-9598-0800200c9a66	Plantae	Tracheophyta	Magnoliopsida	Ranunculales	Ranunculaceae	Delphinium	Delphinium fissum		SPECIES	Delphinium bolosii C.Blanché & Molero	Delphinium bolosii C.Blanché & Molero	C.Blanché & Molero	ES	Congost de Camarasa	Lleida	PRESENT		ecb9d4a0-9e99-4ce7-b571-925a963a4d32	41.94	0.89							2008-07-03	3	7	2008	3922942	7276601	PRESERVED_SPECIMEN	threatenedCAT	threatenedCAT	BCN-53601				CC_BY_4_0		Bosch, Maria & Molero, Julià			2024-01-25T01:08:29.311Z		GEODETIC_DATUM_ASSUMED_WGS84;COORDINATE_PRECISION_INVALID;CONTINENT_DERIVED_FROM_COORDINATES;INSTITUTION_MATCH_NONE
1439645910	dbc709b9-e36e-4dd7-ab5b-c3cb08c2779d	f9219ef0-c37c-11e6-9598-0800200c9a66	Plantae	Tracheophyta	Magnoliopsida	Ranunculales	Ranunculaceae	Delphinium	Delphinium fissum		SPECIES	Delphinium bolosii C.Blanché & Molero	Delphinium bolosii C.Blanché & Molero	C.Blanché & Molero	ES	"Rubió de Baix, a 5 km d'Artesa de Segre sobre el Càmping ""Cel de Balaguer"". La Noguera."	Lleida	PRESENT		ecb9d4a0-9e99-4ce7-b571-925a963a4d32	41.94	1.01							1991-06-12	12	6	1991	3922942	7276601	PRESERVED_SPECIMEN	threatenedCAT	threatenedCAT	BCN-35755	CB 449			CC_BY_4_0		Blanché, Cèsar			2024-01-25T01:08:29.351Z		GEODETIC_DATUM_ASSUMED_WGS84;COORDINATE_PRECISION_INVALID;CONTINENT_DERIVED_FROM_COORDINATES;INSTITUTION_MATCH_NONE
1439645909	dbc709b9-e36e-4dd7-ab5b-c3cb08c2779d	f9219ef6-c37c-11e6-9598-0800200c9a66	Plantae	Tracheophyta	Magnoliopsida	Ranunculales	Ranunculaceae	Delphinium	Delphinium fissum		SPECIES	Delphinium bolosii C.Blanché & Molero	Delphinium bolosii C.Blanché & Molero	C.Blanché & Molero	ES	Els Segalassos	Tarragona	PRESENT		ecb9d4a0-9e99-4ce7-b571-925a963a4d32	41.31	0.91			600.0	0.0							3922942	7276601	PRESERVED_SPECIMEN	threatenedCAT	threatenedCAT	BCN-35753				CC_BY_4_0		Molero, Julià			2024-01-25T01:08:29.206Z		GEODETIC_DATUM_ASSUMED_WGS84;COORDINATE_PRECISION_INVALID;CONTINENT_DERIVED_FROM_COORDINATES;INSTITUTION_MATCH_NONE
1439645908	dbc709b9-e36e-4dd7-ab5b-c3cb08c2779d	f92177fb-c37c-11e6-9598-0800200c9a66	Plantae	Tracheophyta	Magnoliopsida	Ranunculales	Ranunculaceae	Delphinium	Delphinium fissum		SPECIES	Delphinium bolosii C.Blanché & Molero	Delphinium bolosii C.Blanché & Molero	C.Blanché & Molero	ES	Els Segalassos	Tarragona	PRESENT		ecb9d4a0-9e99-4ce7-b571-925a963a4d32	41.31	0.91			650.0	0.0			1983-06-14	14	6	1983	3922942	7276601	PRESERVED_SPECIMEN	threatenedCAT	threatenedCAT	BCN-18667				CC_BY_4_0		Blanché, Cèsar			2024-01-25T01:08:29.044Z		GEODETIC_DATUM_ASSUMED_WGS84;COORDINATE_PRECISION_INVALID;CONTINENT_DERIVED_FROM_COORDINATES;INSTITUTION_MATCH_NONE
1439645907	dbc709b9-e36e-4dd7-ab5b-c3cb08c2779d	f9219ef1-c37c-11e6-9598-0800200c9a66	Plantae	Tracheophyta	Magnoliopsida	Ranunculales	Ranunculaceae	Delphinium	Delphinium fissum		SPECIES	Delphinium bolosii C.Blanché & Molero	Delphinium bolosii C.Blanché & Molero	C.Blanché & Molero	ES	Rubió de Baix. La Noguera	Lleida	PRESENT		ecb9d4a0-9e99-4ce7-b571-925a963a4d32	41.94	1.01							1991-06-12	12	6	1991	3922942	7276601	PRESERVED_SPECIMEN	threatenedCAT	threatenedCAT	BCN-33966				CC_BY_4_0		Blanché, Cèsar			2024-01-25T01:08:29.385Z		GEODETIC_DATUM_ASSUMED_WGS84;COORDINATE_PRECISION_INVALID;CONTINENT_DERIVED_FROM_COORDINATES;INSTITUTION_MATCH_NONE
1439645904	dbc709b9-e36e-4dd7-ab5b-c3cb08c2779d	f9219ef2-c37c-11e6-9598-0800200c9a66	Plantae	Tracheophyta	Magnoliopsida	Ranunculales	Ranunculaceae	Delphinium	Delphinium fissum		SPECIES	Delphinium bolosii C.Blanché & Molero	Delphinium bolosii C.Blanché & Molero	C.Blanché & Molero	ES	Els Segalassos	Tarragona	PRESENT		ecb9d4a0-9e99-4ce7-b571-925a963a4d32	41.31	0.91							1992-07-09	9	7	1992	3922942	7276601	PRESERVED_SPECIMEN	threatenedCAT	threatenedCAT	BCN-18671				CC_BY_4_0		Bosch, Maria			2024-01-25T01:08:29.424Z		GEODETIC_DATUM_ASSUMED_WGS84;COORDINATE_PRECISION_INVALID;CONTINENT_DERIVED_FROM_COORDINATES;INSTITUTION_MATCH_NONE
1439645900	dbc709b9-e36e-4dd7-ab5b-c3cb08c2779d	f92177f9-c37c-11e6-9598-0800200c9a66	Plantae	Tracheophyta	Magnoliopsida	Ranunculales	Ranunculaceae	Delphinium	Delphinium fissum		SPECIES	Delphinium bolosii C.Blanché & Molero	Delphinium bolosii C.Blanché & Molero	C.Blanché & Molero	ES	Els Segalassos	Tarragona	PRESENT		ecb9d4a0-9e99-4ce7-b571-925a963a4d32	41.31	0.91			630.0	0.0			1980-08-04	4	8	1980	3922942	7276601	PRESERVED_SPECIMEN	threatenedCAT	threatenedCAT	BCN-1935				CC_BY_4_0		Molero, Julià			2024-01-25T01:08:29.338Z		GEODETIC_DATUM_ASSUMED_WGS84;COORDINATE_PRECISION_INVALID;CONTINENT_DERIVED_FROM_COORDINATES;INSTITUTION_MATCH_NONE
137450456	834b7330-f762-11e1-a439-00145eb45e9a		Plantae	Tracheophyta	Magnoliopsida	Ranunculales	Ranunculaceae	Delphinium	Delphinium fissum		SPECIES	Delphinium bolosii C.Blanché & Molero	Delphinium bolosii C. Blanché & J. Molero	C. Blanché & J. Molero	ES	Ulldemolins, loco dicto Els Segalassos	T	PRESENT		a6deb94a-2c40-47ec-a678-3d502cd42bc2	41.259998	0.85											3922942	7276601	PRESERVED_SPECIMEN	SALA	SALA	27898-1				CC_BY_NC_4_0		C. Blanché			2024-01-25T09:58:53.252Z		COORDINATE_ROUNDED;GEODETIC_DATUM_ASSUMED_WGS84;CONTINENT_DERIVED_FROM_COORDINATES;RECORDED_DATE_INVALID;INSTITUTION_MATCH_FUZZY;COLLECTION_MATCH_FUZZY
1142836732	4cf3eec1-b902-40c9-b15b-05c5fe5928b6	FUND. BIODIVERSIDAD:ANTHOS:2441554	Plantae	Tracheophyta	Magnoliopsida	Ranunculales	Ranunculaceae	Delphinium	Delphinium fissum		SPECIES	Delphinium bolosii C.Blanché & Molero	Delphinium bolosii C. Blanché & Molero	C. Blanché & Molero	ES	Rubió de Baix	L	PRESENT		0363cbd4-f666-455e-8e86-0bbddcf51950	41.9388989	1.0088583	7071.0										3922942	7276601	HUMAN_OBSERVATION	FUND. BIODIVERSIDAD	ANTHOS	2441554				CC_BY_NC_4_0					2024-01-25T07:24:54.439Z		COORDINATE_REPROJECTED;CONTINENT_DERIVED_FROM_COORDINATES;MODIFIED_DATE_INVALID
1142836406	4cf3eec1-b902-40c9-b15b-05c5fe5928b6	FUND. BIODIVERSIDAD:ANTHOS:2441573	Plantae	Tracheophyta	Magnoliopsida	Ranunculales	Ranunculaceae	Delphinium	Delphinium fissum		SPECIES	Delphinium bolosii C.Blanché & Molero	Delphinium bolosii C. Blanché & Molero	C. Blanché & Molero	ES	Bages, Font d´Estenalles	B	PRESENT		0363cbd4-f666-455e-8e86-0bbddcf51950	41.6789029	1.9788833	7071.0										3922942	7276601	HUMAN_OBSERVATION	FUND. BIODIVERSIDAD	ANTHOS	2441573				CC_BY_NC_4_0					2024-01-25T07:25:40.398Z		COORDINATE_REPROJECTED;CONTINENT_DERIVED_FROM_COORDINATES;MODIFIED_DATE_INVALID
1142836373	4cf3eec1-b902-40c9-b15b-05c5fe5928b6	FUND. BIODIVERSIDAD:ANTHOS:2441572	Plantae	Tracheophyta	Magnoliopsida	Ranunculales	Ranunculaceae	Delphinium	Delphinium fissum		SPECIES	Delphinium bolosii C.Blanché & Molero	Delphinium bolosii C. Blanché & Molero	C. Blanché & Molero	ES	Montsant Massif near Ulldemolins	T	PRESENT		0363cbd4-f666-455e-8e86-0bbddcf51950	41.3088839	0.9088676	7071.0										3922942	7276601	HUMAN_OBSERVATION	FUND. BIODIVERSIDAD	ANTHOS	2441572				CC_BY_NC_4_0					2024-01-25T07:24:54.439Z		COORDINATE_REPROJECTED;CONTINENT_DERIVED_FROM_COORDINATES;MODIFIED_DATE_INVALID
1142836349	4cf3eec1-b902-40c9-b15b-05c5fe5928b6	FUND. BIODIVERSIDAD:ANTHOS:2441574	Plantae	Tracheophyta	Magnoliopsida	Ranunculales	Ranunculaceae	Delphinium	Delphinium fissum		SPECIES	Delphinium bolosii C.Blanché & Molero	Delphinium bolosii C. Blanché & Molero	C. Blanché & Molero	ES	Rubió de Baix, La Noguera	L	PRESENT		0363cbd4-f666-455e-8e86-0bbddcf51950	41.9388976	0.8888558	7071.0										3922942	7276601	HUMAN_OBSERVATION	FUND. BIODIVERSIDAD	ANTHOS	2441574				CC_BY_NC_4_0					2024-01-25T07:24:53.619Z		COORDINATE_REPROJECTED;CONTINENT_DERIVED_FROM_COORDINATES;MODIFIED_DATE_INVALID
1142836238	4cf3eec1-b902-40c9-b15b-05c5fe5928b6	FUND. BIODIVERSIDAD:ANTHOS:2441553	Plantae	Tracheophyta	Magnoliopsida	Ranunculales	Ranunculaceae	Delphinium	Delphinium fissum		SPECIES	Delphinium bolosii C.Blanché & Molero	Delphinium bolosii C. Blanché & Molero	C. Blanché & Molero	ES	Ulldemolins	T	PRESENT		0363cbd4-f666-455e-8e86-0bbddcf51950	41.3088839	0.9088676	7071.0										3922942	7276601	HUMAN_OBSERVATION	FUND. BIODIVERSIDAD	ANTHOS	2441553				CC_BY_NC_4_0					2024-01-25T07:24:54.647Z		COORDINATE_REPROJECTED;CONTINENT_DERIVED_FROM_COORDINATES;MODIFIED_DATE_INVALID
1142836235	4cf3eec1-b902-40c9-b15b-05c5fe5928b6	FUND. BIODIVERSIDAD:ANTHOS:2441556	Plantae	Tracheophyta	Magnoliopsida	Ranunculales	Ranunculaceae	Delphinium	Delphinium fissum		SPECIES	Delphinium bolosii C.Blanché & Molero	Delphinium bolosii C. Blanché & Molero	C. Blanché & Molero	ES	Ulldemolins	T	PRESENT		0363cbd4-f666-455e-8e86-0bbddcf51950	41.3088839	0.9088676	7071.0		590.0	0.0							3922942	7276601	HUMAN_OBSERVATION	FUND. BIODIVERSIDAD	ANTHOS	2441556				CC_BY_NC_4_0					2024-01-25T07:24:53.618Z		COORDINATE_REPROJECTED;CONTINENT_DERIVED_FROM_COORDINATES;MODIFIED_DATE_INVALID
1142836222	4cf3eec1-b902-40c9-b15b-05c5fe5928b6	FUND. BIODIVERSIDAD:ANTHOS:2441555	Plantae	Tracheophyta	Magnoliopsida	Ranunculales	Ranunculaceae	Delphinium	Delphinium fissum		SPECIES	Delphinium bolosii C.Blanché & Molero	Delphinium bolosii C. Blanché & Molero	C. Blanché & Molero	ES	Ulldemolins	T	PRESENT		0363cbd4-f666-455e-8e86-0bbddcf51950	41.3088839	0.9088676	7071.0		600.0	0.0							3922942	7276601	HUMAN_OBSERVATION	FUND. BIODIVERSIDAD	ANTHOS	2441555				CC_BY_NC_4_0					2024-01-25T07:25:40.398Z		COORDINATE_REPROJECTED;CONTINENT_DERIVED_FROM_COORDINATES;MODIFIED_DATE_INVALID
1142836218	4cf3eec1-b902-40c9-b15b-05c5fe5928b6	FUND. BIODIVERSIDAD:ANTHOS:2441557	Plantae	Tracheophyta	Magnoliopsida	Ranunculales	Ranunculaceae	Delphinium	Delphinium fissum		SPECIES	Delphinium bolosii C.Blanché & Molero	Delphinium bolosii C. Blanché & Molero	C. Blanché & Molero	ES	Rubió de Baix	L	PRESENT		0363cbd4-f666-455e-8e86-0bbddcf51950	41.9388976	0.8888558	7071.0		290.0	0.0							3922942	7276601	HUMAN_OBSERVATION	FUND. BIODIVERSIDAD	ANTHOS	2441557				CC_BY_NC_4_0					2024-01-25T07:25:40.908Z		COORDINATE_REPROJECTED;CONTINENT_DERIVED_FROM_COORDINATES;MODIFIED_DATE_INVALID
1142800583	4cf3eec1-b902-40c9-b15b-05c5fe5928b6	FUND. BIODIVERSIDAD:ANTHOS:2402596	Plantae	Tracheophyta	Magnoliopsida	Ranunculales	Ranunculaceae	Delphinium	Delphinium fissum		SPECIES	Delphinium bolosii C.Blanché & Molero	Delphinium bolosii C. Blanché & Molero	C. Blanché & Molero	ES	Font d´Estenalles, al Parc Natural de Sant Llorenç del Munt [desapareguda amb seguretat]	B	PRESENT		0363cbd4-f666-455e-8e86-0bbddcf51950	41.6789029	1.9788833	7071.0		470.0	190.0							3922942	7276601	HUMAN_OBSERVATION	FUND. BIODIVERSIDAD	ANTHOS	2402596				CC_BY_NC_4_0					2024-01-25T07:25:40.192Z		COORDINATE_REPROJECTED;CONTINENT_DERIVED_FROM_COORDINATES;MODIFIED_DATE_INVALID
1142800574	4cf3eec1-b902-40c9-b15b-05c5fe5928b6	FUND. BIODIVERSIDAD:ANTHOS:2402595	Plantae	Tracheophyta	Magnoliopsida	Ranunculales	Ranunculaceae	Delphinium	Delphinium fissum		SPECIES	Delphinium bolosii C.Blanché & Molero	Delphinium bolosii C. Blanché & Molero	C. Blanché & Molero	ES	provincia de Tarragona	T	PRESENT		0363cbd4-f666-455e-8e86-0bbddcf51950	41.3088839	0.9088676	7071.0		470.0	190.0							3922942	7276601	HUMAN_OBSERVATION	FUND. BIODIVERSIDAD	ANTHOS	2402595				CC_BY_NC_4_0					2024-01-25T07:25:39.038Z		COORDINATE_REPROJECTED;CONTINENT_DERIVED_FROM_COORDINATES;MODIFIED_DATE_INVALID
1142800556	4cf3eec1-b902-40c9-b15b-05c5fe5928b6	FUND. BIODIVERSIDAD:ANTHOS:2402597	Plantae	Tracheophyta	Magnoliopsida	Ranunculales	Ranunculaceae	Delphinium	Delphinium fissum		SPECIES	Delphinium bolosii C.Blanché & Molero	Delphinium bolosii C. Blanché & Molero	C. Blanché & Molero	ES	Camarasa	L	PRESENT		0363cbd4-f666-455e-8e86-0bbddcf51950	41.9388976	0.8888558	7071.0		470.0	190.0							3922942	7276601	HUMAN_OBSERVATION	FUND. BIODIVERSIDAD	ANTHOS	2402597				CC_BY_NC_4_0					2024-01-25T07:25:40.808Z		COORDINATE_REPROJECTED;CONTINENT_DERIVED_FROM_COORDINATES;MODIFIED_DATE_INVALID
1142800526	4cf3eec1-b902-40c9-b15b-05c5fe5928b6	FUND. BIODIVERSIDAD:ANTHOS:2402599	Plantae	Tracheophyta	Magnoliopsida	Ranunculales	Ranunculaceae	Delphinium	Delphinium fissum		SPECIES	Delphinium bolosii C.Blanché & Molero	Delphinium bolosii C. Blanché & Molero	C. Blanché & Molero	ES	Alòs de Balaguer	L	PRESENT		0363cbd4-f666-455e-8e86-0bbddcf51950	41.9388989	1.0088583	7071.0		470.0	190.0							3922942	7276601	HUMAN_OBSERVATION	FUND. BIODIVERSIDAD	ANTHOS	2402599				CC_BY_NC_4_0					2024-01-25T07:25:40.677Z		COORDINATE_REPROJECTED;CONTINENT_DERIVED_FROM_COORDINATES;MODIFIED_DATE_INVALID
1142800519	4cf3eec1-b902-40c9-b15b-05c5fe5928b6	FUND. BIODIVERSIDAD:ANTHOS:2402598	Plantae	Tracheophyta	Magnoliopsida	Ranunculales	Ranunculaceae	Delphinium	Delphinium fissum		SPECIES	Delphinium bolosii C.Blanché & Molero	Delphinium bolosii C. Blanché & Molero	C. Blanché & Molero	ES	congost del Segre, a Rubió de Baix	L	PRESENT		0363cbd4-f666-455e-8e86-0bbddcf51950	41.9388989	1.0088583	7071.0		470.0	190.0							3922942	7276601	HUMAN_OBSERVATION	FUND. BIODIVERSIDAD	ANTHOS	2402598				CC_BY_NC_4_0					2024-01-25T07:25:39.073Z		COORDINATE_REPROJECTED;CONTINENT_DERIVED_FROM_COORDINATES;MODIFIED_DATE_INVALID
1142756129	4cf3eec1-b902-40c9-b15b-05c5fe5928b6	FUND. BIODIVERSIDAD:ANTHOS:2338350	Plantae	Tracheophyta	Magnoliopsida	Ranunculales	Ranunculaceae	Delphinium	Delphinium fissum		SPECIES	Delphinium bolosii C.Blanché & Molero	Delphinium bolosii C. Blanché & Molero	C. Blanché & Molero	ES	Ulldemolins	T	PRESENT		0363cbd4-f666-455e-8e86-0bbddcf51950	41.3088839	0.9088676	7071.0										3922942	7276601	HUMAN_OBSERVATION	FUND. BIODIVERSIDAD	ANTHOS	2338350				CC_BY_NC_4_0					2024-01-25T07:24:52.755Z		COORDINATE_REPROJECTED;CONTINENT_DERIVED_FROM_COORDINATES;MODIFIED_DATE_INVALID
1142756071	4cf3eec1-b902-40c9-b15b-05c5fe5928b6	FUND. BIODIVERSIDAD:ANTHOS:2338349	Plantae	Tracheophyta	Magnoliopsida	Ranunculales	Ranunculaceae	Delphinium	Delphinium fissum		SPECIES	Delphinium bolosii C.Blanché & Molero	Delphinium bolosii C. Blanché & Molero	C. Blanché & Molero	ES	Rubió de Baix	L	PRESENT		0363cbd4-f666-455e-8e86-0bbddcf51950	41.9388989	1.0088583	7071.0										3922942	7276601	HUMAN_OBSERVATION	FUND. BIODIVERSIDAD	ANTHOS	2338349				CC_BY_NC_4_0					2024-01-25T07:25:38.331Z		COORDINATE_REPROJECTED;CONTINENT_DERIVED_FROM_COORDINATES;MODIFIED_DATE_INVALID
