<?xml version="1.0" encoding="utf-8"?>
<eml:eml xmlns:eml="eml://ecoinformatics.org/eml-2.1.1" xmlns:xsi="http://www.w3.org/2001/XMLSchema-instance"
         xsi:schemaLocation="eml://ecoinformatics.org/eml-2.1.1 http://rs.gbif.org/schema/eml-gbif-profile/1.1/eml.xsd"
        packageId="10.15468/dl.zp8q6h"  system="http://gbif.org" scope="system"
  xml:lang="en">

<dataset>
        <alternateIdentifier>0084005-210914110416597</alternateIdentifier>
    <title>GBIF Occurrence Download 10.15468/dl.zp8q6h</title>
    <creator>
    <individualName>
          <surName>GBIF Download Service</surName>
    </individualName>
<electronicMailAddress>support@gbif.org</electronicMailAddress>    </creator>
    <metadataProvider>
    <individualName>
          <surName>GBIF Download Service</surName>
    </individualName>
<electronicMailAddress>support@gbif.org</electronicMailAddress>    </metadataProvider>
      <pubDate>
      2021-12-21
      </pubDate>
    <language>ENGLISH</language>
    <abstract>
        <para>A dataset containing all occurrences available in GBIF matching the query:
{
  &quot;OccurrenceId&quot; : [
    &quot;is one of (http://coldb.mnhn.fr/catalognumber/mnhn/p/p00991061, https://data.biodiversitydata.nl/naturalis/specimen/L.2058679, http://coldb.mnhn.fr/catalognumber/mnhn/p/p00992670, http://coldb.mnhn.fr/catalognumber/mnhn/p/p00991062, https://data.biodiversitydata.nl/naturalis/specimen/L.4321611, https://data.biodiversitydata.nl/naturalis/specimen/L.4345644, https://data.biodiversitydata.nl/naturalis/specimen/L.2058681, https://data.biodiversitydata.nl/naturalis/specimen/L.4345616, https://data.biodiversitydata.nl/naturalis/specimen/L.4345319, https://data.biodiversitydata.nl/naturalis/specimen/L.4311025, http://coldb.mnhn.fr/catalognumber/mnhn/p/p00991060, https://data.biodiversitydata.nl/naturalis/specimen/L.2058689, https://data.biodiversitydata.nl/naturalis/specimen/L.2058943, https://data.biodiversitydata.nl/naturalis/specimen/L.2058938, http://coldb.mnhn.fr/catalognumber/mnhn/p/p00950750, https://data.biodiversitydata.nl/naturalis/specimen/L.4311021, https://data.biodiversitydata.nl/naturalis/specimen/L.4320424, http://coldb.mnhn.fr/catalognumber/mnhn/p/p00950174, https://data.biodiversitydata.nl/naturalis/specimen/L.2058922, https://data.biodiversitydata.nl/naturalis/specimen/L.2058953, https://data.biodiversitydata.nl/naturalis/specimen/L.4345614, https://data.biodiversitydata.nl/naturalis/specimen/L.4311027, https://data.biodiversitydata.nl/naturalis/specimen/L.4345649, http://coldb.mnhn.fr/catalognumber/mnhn/p/p00910432, https://data.biodiversitydata.nl/naturalis/specimen/L.2059080, https://data.biodiversitydata.nl/naturalis/specimen/L.2058932, https://data.biodiversitydata.nl/naturalis/specimen/L.2058962, https://data.biodiversitydata.nl/naturalis/specimen/L.4311032, https://data.biodiversitydata.nl/naturalis/specimen/L.4345600, https://data.biodiversitydata.nl/naturalis/specimen/L.4311066, https://data.biodiversitydata.nl/naturalis/specimen/L.2058969, http://coldb.mnhn.fr/catalognumber/mnhn/p/p00869420, https://data.biodiversitydata.nl/naturalis/specimen/L.4310791, https://data.biodiversitydata.nl/naturalis/specimen/L.4310809, https://data.biodiversitydata.nl/naturalis/specimen/L.4312281, http://coldb.mnhn.fr/catalognumber/mnhn/p/p01182453, http://coldb.mnhn.fr/catalognumber/mnhn/p/p00950180, http://coldb.mnhn.fr/catalognumber/mnhn/p/p01046497, https://data.biodiversitydata.nl/naturalis/specimen/L.4310815, https://data.biodiversitydata.nl/naturalis/specimen/L.2058917, https://data.biodiversitydata.nl/naturalis/specimen/L.4345376, https://data.biodiversitydata.nl/naturalis/specimen/L.4345617, https://data.biodiversitydata.nl/naturalis/specimen/L.4345595, http://coldb.mnhn.fr/catalognumber/mnhn/p/p00991859, https://data.biodiversitydata.nl/naturalis/specimen/L.4345471, https://data.biodiversitydata.nl/naturalis/specimen/L.4312280, https://data.biodiversitydata.nl/naturalis/specimen/L.4312279, https://data.biodiversitydata.nl/naturalis/specimen/L.4345621, https://data.biodiversitydata.nl/naturalis/specimen/L.3955710, https://data.biodiversitydata.nl/naturalis/specimen/L.4345615, https://data.biodiversitydata.nl/naturalis/specimen/L.4345599, http://coldb.mnhn.fr/catalognumber/mnhn/p/p00950142, https://data.biodiversitydata.nl/naturalis/specimen/L.4321084, a710970d-432c-4249-aa92-40b616bd13a3, https://data.biodiversitydata.nl/naturalis/specimen/L.4310799, https://data.biodiversitydata.nl/naturalis/specimen/L.2058690, https://data.biodiversitydata.nl/naturalis/specimen/L.2058952, https://data.biodiversitydata.nl/naturalis/specimen/L.4345608, https://data.biodiversitydata.nl/naturalis/specimen/L.4345601, https://data.biodiversitydata.nl/naturalis/specimen/L.4312741, https://data.biodiversitydata.nl/naturalis/specimen/L.4310990, https://data.biodiversitydata.nl/naturalis/specimen/L.2058921, https://data.biodiversitydata.nl/naturalis/specimen/L.4321169, https://data.biodiversitydata.nl/naturalis/specimen/L.4345633, https://data.biodiversitydata.nl/naturalis/specimen/L.4345355, https://data.biodiversitydata.nl/naturalis/specimen/L.4345637, https://data.biodiversitydata.nl/naturalis/specimen/L.4345612, https://data.biodiversitydata.nl/naturalis/specimen/L.4345337)&quot;
  ]
}
The dataset includes records from the following constituent datasets. The full metadata for each constituent is also included in this archive:
1 records from Harvard University Herbaria: All Records
13 records from The vascular plants collection (P) at the Herbarium of the Muséum national d&apos;Histoire Naturelle (MNHN - Paris)
54 records from Naturalis Biodiversity Center (NL) - Botany</para>
    </abstract>
      <contact>
    <individualName>
          <surName>GBIF Download Service</surName>
    </individualName>
<electronicMailAddress>support@gbif.org</electronicMailAddress>      </contact>

</dataset>

<additionalMetadata>
    <metadata>
      <gbif>
        <dateStamp>2021-12-21T14:18:43Z</dateStamp>
      <citation identifier="10.15468/dl.zp8q6h">GBIF Occurrence Download 10.15468/dl.zp8q6h</citation>
              <physical>
                  <objectName>Darwin Core Archive</objectName>
                  <characterEncoding>UTF-8</characterEncoding>
                  <dataFormat>
                      <externallyDefinedFormat>
                          <formatName>Darwin Core Archive</formatName>
                      </externallyDefinedFormat>
                  </dataFormat>
                  <distribution>
                      <online>
                          <url function="download">https://api.gbif.org/v1/occurrence/download/request/0084005-210914110416597.zip</url>
                      </online>
                  </distribution>
              </physical>
      </gbif>
    </metadata>
</additionalMetadata>

</eml:eml>
