<?xml version="1.0" encoding="utf-8"?>
<eml:eml xmlns:eml="eml://ecoinformatics.org/eml-2.1.1" xmlns:xsi="http://www.w3.org/2001/XMLSchema-instance"
         xsi:schemaLocation="eml://ecoinformatics.org/eml-2.1.1 http://rs.gbif.org/schema/eml-gbif-profile/1.2/eml.xsd"
packageId="0df816bd-0cef-463a-94c2-b03e13ea7128"  system="http://gbif.org" scope="system"
xml:lang="en">

    <dataset>
            <alternateIdentifier>10.15468/chpwcm</alternateIdentifier>
                <alternateIdentifier>821BFFD5FFCB026C0625FFE9C00BFFC6</alternateIdentifier>
        <title>Order Primates</title>
            <creator>
            <individualName>
                    <surName>Colin P. Groves</surName>
            </individualName>
            </creator>
            <metadataProvider>
            <individualName>
                    <surName>GgServerImporter</surName>
            </individualName>
<organizationName>Plazi</organizationName>            </metadataProvider>
            <associatedParty>
<organizationName>Plazi</organizationName>            <address>
<city>Bern</city><country>SWITZERLAND</country>            </address>
<electronicMailAddress>info@plazi.org</electronicMailAddress><onlineUrl>https://plazi.org/</onlineUrl>            <role>PUBLISHER</role>
            </associatedParty>
            <pubDate>
                1993-12-31
            </pubDate>
        <language>ENGLISH</language>
            <abstract>
                    <para>This dataset contains the digitized treatments in Plazi based on the original book chapter Colin P. Groves (1993): Order Primates. In: Don E. Wilson, DeeAnn M. Reeder (Eds): Mammal Species of the World (2 nd Edition). Washington and London: Smithsonian Institution Press: 243-277, ISBN: 1-56098-217-9, DOI: http://doi.org/10.5281/zenodo.7353122</para>
            </abstract>
            <intellectualRights>
                    <para>To the extent possible under law, the publisher has waived all rights to these data and has dedicated them to the <ulink url="http://creativecommons.org/publicdomain/zero/1.0/legalcode"><citetitle>Public Domain (CC0 1.0)</citetitle></ulink>. Users may copy, modify, distribute and use the work, including for commercial purposes, without restriction.</para>
            </intellectualRights>
            <distribution scope="document">
                <online>
                    <url function="information">https://tb.plazi.org/GgServer/summary/821BFFD5FFCB026C0625FFE9C00BFFC6</url>
                </online>
            </distribution>
            <contact>
            <individualName>
<givenName>Guido</givenName>                    <surName>Sautter</surName>
            </individualName>
<electronicMailAddress>sautter@plazi.org</electronicMailAddress><onlineUrl>https://plazi.org</onlineUrl>            </contact>

    </dataset>

    <additionalMetadata>
        <metadata>
            <gbif>
                <dateStamp>2023-01-25T10:38:05Z</dateStamp>
                <citation>Colin P. Groves, GgServerImporter (1993). Order Primates. Plazi.org taxonomic treatments database. Checklist dataset https://doi.org/10.15468/chpwcm accessed via GBIF.org on 2023-01-25.</citation>
            </gbif>
        </metadata>
    </additionalMetadata>

</eml:eml>
