<?xml version="1.0" encoding="utf-8"?>
<eml:eml xmlns:eml="eml://ecoinformatics.org/eml-2.1.1" xmlns:xsi="http://www.w3.org/2001/XMLSchema-instance"
         xsi:schemaLocation="eml://ecoinformatics.org/eml-2.1.1 http://rs.gbif.org/schema/eml-gbif-profile/1.2/eml.xsd"
packageId="33b4ca40-0a46-4fa7-8ed4-4f51d1e3304c"  system="http://gbif.org" scope="system"
xml:lang="en">

    <dataset>
            <alternateIdentifier>10.15468/d8ps8f</alternateIdentifier>
                <alternateIdentifier>http://ipt.vertnet.org:8080/ipt/resource?r=unsm_mammals</alternateIdentifier>
        <title>University of Nebraska State Museum Mammals Collection</title>
            <creator>
            <individualName>
<givenName>Thomas</givenName>                    <surName>Labedz</surName>
            </individualName>
<organizationName>Division of Zoology, University of Nebraska State Museum</organizationName><positionName>Collection Manager</positionName>            <address>
<deliveryPoint>645 N 14th St</deliveryPoint><city>Lincoln</city><administrativeArea>NE</administrativeArea><postalCode>68588-0338</postalCode><country>UNITED_STATES</country>            </address>
<phone>+01 402-472-8366</phone><electronicMailAddress>tlabedz1@unl.edu</electronicMailAddress><onlineUrl>https://museum.unl.edu/collections/zoology/index.html</onlineUrl>            </creator>
            <metadataProvider>
            <individualName>
<givenName>Thomas</givenName>                    <surName>Labedz</surName>
            </individualName>
<organizationName>Division of Zoology, University of Nebraska State Museum</organizationName><positionName>Collection Manager</positionName>            <address>
<deliveryPoint>645 N 14th St</deliveryPoint><city>Lincoln</city><administrativeArea>NE</administrativeArea><postalCode>68588-0338</postalCode><country>UNITED_STATES</country>            </address>
<phone>+01 402-472-8366</phone><electronicMailAddress>tlabedz1@unl.edu</electronicMailAddress><onlineUrl>https://museum.unl.edu/collections/zoology/index.html</onlineUrl>            </metadataProvider>
            <associatedParty>
            <individualName>
<givenName>Laura</givenName>                    <surName>Russell</surName>
            </individualName>
<organizationName>VertNet</organizationName><positionName>VertNet Programmer</positionName><electronicMailAddress>larussell@vertnet.org</electronicMailAddress><onlineUrl>http://www.vertnet.org</onlineUrl>            <role>PROGRAMMER</role>
            </associatedParty>
            <associatedParty>
            <individualName>
<givenName>David</givenName>                    <surName>Bloom</surName>
            </individualName>
<organizationName>VertNet</organizationName><positionName>VertNet Coordinator</positionName><electronicMailAddress>dbloom@vertnet.org</electronicMailAddress><onlineUrl>http://www.vertnet.org</onlineUrl>            <role>PROGRAMMER</role>
            </associatedParty>
            <associatedParty>
            <individualName>
<givenName>John</givenName>                    <surName>Wieczorek</surName>
            </individualName>
<organizationName>VertNet</organizationName><positionName>Information Architect</positionName><electronicMailAddress>tuco@berkeley.edu</electronicMailAddress>            <role>PROGRAMMER</role>
            </associatedParty>
            <pubDate>
                2021-02-24
            </pubDate>
        <language>ENGLISH</language>
            <abstract>
                    <para>The first concerted effort to collect mammal specimens for research purposes was instigated by Myron Swenk at the early part of the 20th century. Terry A. Vaughan was a student and contributed collections in the late 1950s. Vaughan’s textbook &amp;#34;Mammalogy&amp;#34; was first printed in 1972 and is in its 6th edition. J. Knox Jones, Jr. contributed specimens in the 1940s and 1950s culminating in his &amp;#34;Distribution and taxonomy of mammals of Nebraska&amp;#34; (1964). Dr. Harvey Gunderson was assistant director of the museum, professor in Zoology, and curator of Zoology from 1964-1977 during which he also produced a textbook for mammalogy in 1976. In 1997 the Chadron State College (Nebraska) and in 1999 the University of South Dakota mammal collections were transferred to UNSM and incorporated in the collections. Hugh H. Genoways, a mammologist and museum director (1986-1994) added to the collections (primarily Antillean bats), including describing two new subspecies of bats from Grenada and Montserrat in 1998. Genoways and colleagues also produced &amp;#34;Mammals of Nebraska--Checklist, Key, and Bibliography&amp;#34; (2008). A newly discovered species of Panamanian bat (Cynomops freemani) was named in 2018 for Zoology’s recently retired curator, Patricia W. Freeman. In 2019 the University of Nebraska – Kearney (formerly Kearney State College) collections were transferred to UNSM (not yet in this dataset). The collection now has over 21,400 specimens primarily from Nebraska and the northern Great Plains and includes nearly 1,000 collected prior to 1925. Like most state collections, the UNSM mammal collection contains many large series of single species useful for population studies, but now there are substantial holdings of whole skeletons (6,300). An excellent collection of big game trophy heads collected by Mr. Elgin Gates in the mid-20th century are displayed in the halls; these have data and represent several endangered and threatened species.</para>
            </abstract>
                <keywordSet>
                        <keyword>Occurrence</keyword>
                        <keywordThesaurus>GBIF Dataset Type Vocabulary: http://rs.gbif.org/vocabulary/gbif/dataset_type.xml</keywordThesaurus>
                </keywordSet>
                <keywordSet>
                        <keyword>Specimen</keyword>
                        <keywordThesaurus>GBIF Dataset Subtype Vocabulary: http://rs.gbif.org/vocabulary/gbif/dataset_subtype.xml</keywordThesaurus>
                </keywordSet>
            <additionalInfo>
                <para>http://vertnet.org/resources/norms.html</para>
            </additionalInfo>
            <intellectualRights>
                    <para>To the extent possible under law, the publisher has waived all rights to these data and has dedicated them to the <ulink url="http://creativecommons.org/publicdomain/zero/1.0/legalcode"><citetitle>Public Domain (CC0 1.0)</citetitle></ulink>. Users may copy, modify, distribute and use the work, including for commercial purposes, without restriction.</para>
            </intellectualRights>
            <distribution scope="document">
                <online>
                    <url function="information">https://museum.unl.edu/collections/</url>
                </online>
            </distribution>
            <coverage>
                    <geographicCoverage>
                            <geographicDescription>Primarily Nebraska (17,132) and South Dakota (475) with moderate collections from elsewhere in the United States. A strong collections of bats from the Greater and Lesser Antilles (688). Some collections, usually taxidermy, from elsewhere in the world and zoos.</geographicDescription>
                            <boundingCoordinates>
                                <westBoundingCoordinate>-168</westBoundingCoordinate>
                                <eastBoundingCoordinate>-50</eastBoundingCoordinate>
                                <northBoundingCoordinate>71.5</northBoundingCoordinate>
                                <southBoundingCoordinate>7</southBoundingCoordinate>
                            </boundingCoordinates>
                    </geographicCoverage>
                    <temporalCoverage>
                            <rangeOfDates>
                                <beginDate>
                                    <calendarDate>                1860
</calendarDate>
                                </beginDate>
                                <endDate>
                                    <calendarDate>                2019
</calendarDate>
                                </endDate>
                            </rangeOfDates>
                    </temporalCoverage>
                        <taxonomicCoverage>
                                <taxonomicClassification>
                                        <taxonRankName>Class</taxonRankName>
                                    <taxonRankValue>Mammalia</taxonRankValue>
                                        <commonName>Mammals</commonName>
                                </taxonomicClassification>
                        </taxonomicCoverage>
            </coverage>
            <maintenance>
                <description>
                    <para></para>
                </description>
                <maintenanceUpdateFrequency>unkown</maintenanceUpdateFrequency>
            </maintenance>
            <contact>
            <individualName>
<givenName>Thomas</givenName>                    <surName>Labedz</surName>
            </individualName>
<organizationName>Division of Zoology, University of Nebraska State Museum</organizationName><positionName>Collection Manager</positionName>            <address>
<deliveryPoint>645 N 14th St</deliveryPoint><city>Lincoln</city><administrativeArea>NE</administrativeArea><postalCode>68588-0338</postalCode><country>UNITED_STATES</country>            </address>
<phone>+01 402-472-8366</phone><electronicMailAddress>tlabedz1@unl.edu</electronicMailAddress><onlineUrl>https://museum.unl.edu/collections/zoology/index.html</onlineUrl>            </contact>
            <contact>
            <individualName>
<givenName>Robert</givenName>                    <surName>Zink</surName>
            </individualName>
<organizationName>Division of Zoology, University of Nebraska State Museum</organizationName><positionName>Curator</positionName>            <address>
<deliveryPoint>645 N 14th St</deliveryPoint><city>Lincoln</city><administrativeArea>NE</administrativeArea><postalCode>68588-0338</postalCode><country>UNITED_STATES</country>            </address>
<phone>+01 612-590-4215</phone><electronicMailAddress>rzink2@unl.edu</electronicMailAddress><onlineUrl>https://museum.unl.edu/collections/zoology/index.html</onlineUrl>            </contact>

    </dataset>

    <additionalMetadata>
        <metadata>
            <gbif>
                <dateStamp>2023-01-25T10:37:58Z</dateStamp>
                <citation>Labedz T (2021). University of Nebraska State Museum Mammals Collection. University of Nebraska State Museum. Occurrence dataset https://doi.org/10.15468/d8ps8f accessed via GBIF.org on 2023-01-25.</citation>
            </gbif>
        </metadata>
    </additionalMetadata>

</eml:eml>
