<?xml version="1.0" encoding="utf-8"?>
<eml:eml xmlns:eml="eml://ecoinformatics.org/eml-2.1.1" xmlns:xsi="http://www.w3.org/2001/XMLSchema-instance"
         xsi:schemaLocation="eml://ecoinformatics.org/eml-2.1.1 http://rs.gbif.org/schema/eml-gbif-profile/1.2/eml.xsd"
packageId="4a781c12-de3c-46ee-81f4-c048e078b09b"  system="http://gbif.org" scope="system"
xml:lang="en">

    <dataset>
            <alternateIdentifier>10.15468/nzub7u</alternateIdentifier>
                <alternateIdentifier>http://science-net.kahaku.go.jp/ipt2/resource?r=snet-1180-101</alternateIdentifier>
                <alternateIdentifier>4a781c12-de3c-46ee-81f4-c048e078b09b</alternateIdentifier>
                <alternateIdentifier>http://gbif.science-net.kahaku.go.jp:8081/ipt2/resource?r=snet-1180-101</alternateIdentifier>
        <title>Captive Primate Specimens of Japan Monkey Centre</title>
            <creator>
            <individualName>
<givenName>Yuta</givenName>                    <surName>Shintaku</surName>
            </individualName>
<organizationName>Japan Monkey Centre</organizationName><positionName>Curator of Research and Education Section</positionName>            <address>
<country>JAPAN</country>            </address>
<electronicMailAddress>shintaku.jmc@gmail.com</electronicMailAddress>            </creator>
            <metadataProvider>
            <individualName>
<givenName>Yuta</givenName>                    <surName>Shintaku</surName>
            </individualName>
<organizationName>Japan Monkey Centre</organizationName><positionName>Curator of Research and Education Section</positionName>            <address>
<country>JAPAN</country>            </address>
<electronicMailAddress>shintaku.jmc@gmail.com</electronicMailAddress>            </metadataProvider>
            <pubDate>
                2020-03-06
            </pubDate>
        <language>ENGLISH</language>
            <abstract>
                    <para>Primate specimens deposited in Japan Monkey Centre</para>
            </abstract>
                <keywordSet>
                        <keyword>Occurrence</keyword>
                        <keywordThesaurus>GBIF Dataset Type Vocabulary: http://rs.gbif.org/vocabulary/gbif/dataset_type.xml</keywordThesaurus>
                </keywordSet>
            <intellectualRights>
                    <para>This work is licensed under a <ulink url="http://creativecommons.org/licenses/by/4.0/legalcode"><citetitle>Creative Commons Attribution (CC-BY) 4.0 License</citetitle></ulink>.</para>
            </intellectualRights>
            <distribution scope="document">
                <online>
                    <url function="information">http://www.j-monkey.jp/caprico/index_e.php</url>
                </online>
            </distribution>
            <maintenance>
                <description>
                    <para></para>
                </description>
                <maintenanceUpdateFrequency>unkown</maintenanceUpdateFrequency>
            </maintenance>
            <contact>
            <individualName>
<givenName>Yuta</givenName>                    <surName>Shintaku</surName>
            </individualName>
<organizationName>Japan Monkey Centre</organizationName><positionName>Curator of Research and Education Section</positionName>            <address>
<country>JAPAN</country>            </address>
<electronicMailAddress>shintaku.jmc@gmail.com</electronicMailAddress><onlineUrl>http://www.japanmonkeycentre.org/index.html</onlineUrl>            </contact>

    </dataset>

    <additionalMetadata>
        <metadata>
            <gbif>
                <dateStamp>2023-01-25T10:38:08Z</dateStamp>
                <citation>Shintaku Y (2020). Captive Primate Specimens of Japan Monkey Centre. Version 1.2. National Museum of Nature and Science, Japan. Occurrence dataset https://doi.org/10.15468/nzub7u accessed via GBIF.org on 2023-01-25.</citation>
            </gbif>
        </metadata>
    </additionalMetadata>

</eml:eml>
