<?xml version="1.0" encoding="utf-8"?>
<eml:eml xmlns:eml="eml://ecoinformatics.org/eml-2.1.1" xmlns:xsi="http://www.w3.org/2001/XMLSchema-instance"
         xsi:schemaLocation="eml://ecoinformatics.org/eml-2.1.1 http://rs.gbif.org/schema/eml-gbif-profile/1.2/eml.xsd"
packageId="609217ee-054d-441d-a850-356cbc2fb385"  system="http://gbif.org" scope="system"
xml:lang="en">

    <dataset>
            <alternateIdentifier>10.15468/knvqao</alternateIdentifier>
                <alternateIdentifier>https://ipt.gbif.no/resource?r=o_mammals</alternateIdentifier>
                <alternateIdentifier>https://data.gbif.no/ipt/resource?r=o_mammals</alternateIdentifier>
                <alternateIdentifier>http://data.gbif.no/ipt/resource?r=o_mammals</alternateIdentifier>
                <alternateIdentifier>http://dev.gbif.no/ipt/resource?r=o_mammals</alternateIdentifier>
                <alternateIdentifier>http://gbif.no/ipt/resource?r=o_mammals</alternateIdentifier>
                <alternateIdentifier>http://gbif.no/ipt/resource.do?r=o_mammals</alternateIdentifier>
                <alternateIdentifier>609217ee-054d-441d-a850-356cbc2fb385</alternateIdentifier>
                <alternateIdentifier>8067</alternateIdentifier>
        <title>NHMO Mammal collection</title>
            <creator>
            <individualName>
<givenName>Lars Erik</givenName>                    <surName>Johannessen</surName>
            </individualName>
<organizationName>Natural History Museum, University of Oslo</organizationName><positionName>Collection manager</positionName>            <address>
<deliveryPoint>Natural History Museum, P.O. Box 1172 Blindern</deliveryPoint><city>Oslo</city><postalCode>NO-0318</postalCode><country>NORWAY</country>            </address>
<electronicMailAddress>l.e.johannessen@nhm.uio.no</electronicMailAddress>            <userId directory="http://orcid.org/">0000-0001-5981-9190</userId>
            </creator>
            <creator>
            <individualName>
<givenName>Øystein</givenName>                    <surName>Wiig</surName>
            </individualName>
<organizationName>Natural History Museum, University of Oslo</organizationName><positionName>Professor emeritus</positionName>            <address>
<country>NORWAY</country>            </address>
            </creator>
            <metadataProvider>
            <individualName>
<givenName>Lars Erik</givenName>                    <surName>Johannessen</surName>
            </individualName>
<organizationName>Natural History Museum, University of Oslo</organizationName><positionName>Collection manager</positionName>            <address>
<deliveryPoint>Natural History Museum, P.O. Box 1172 Blindern</deliveryPoint><city>Oslo</city><postalCode>NO-0318</postalCode><country>NORWAY</country>            </address>
<electronicMailAddress>l.e.johannessen@nhm.uio.no</electronicMailAddress>            <userId directory="http://orcid.org/">0000-0001-5981-9190</userId>
            </metadataProvider>
            <associatedParty>
            <individualName>
<givenName>Rukaya</givenName>                    <surName>Johaadien</surName>
            </individualName>
            <address>
<country>NORWAY</country>            </address>
<electronicMailAddress>r.s.johaadien@nhm.uio.no</electronicMailAddress>            <role>USER</role>
            </associatedParty>
            <pubDate>
                2023-01-23
            </pubDate>
        <language>ENGLISH</language>
            <abstract>
                    <para>The NHMO Mammal collection at the Natural History Museum in Oslo, Norway comprises around 680 species, of which about 100 have been collected in Norway. Although the collections holds several thousand objects from the last half of the 19th and first decades of the 20th century, most objects are from the 1970s and around the turn of the millennium. 
Objects in the collection are preserved as mounted specimens, hides, skeletons or in ethanol (mainly rodents). During the later decades, a new sub-collection has been built up, consisting of mammalian tissue and extracted DNA samples. This is also part of the NHMO DNA Bank. The samples have partly been taken from existing objects in the Mammal collection, partly from newly arrived mammals, e.g. road kills and other salvage.
The collection contains considerable sub-collections of polar bear skulls, mainly from the Norwegian parts of the species’ distribution range, Scandinavian wolves, and European otters and rodents from Norway.
The collection is databased in Corema, a software that has been developed in close cooperation between the NHMO and the developer, Compositae AS (https://www.coremadb.com/). An accession generally refers to a given individual at a specific place and time; for each accession, one or more items may exist. Examples of item types include preserved skins, mounted specimens, osteological specimens, horns or antlers, blood, tissue and extracted DNA.</para>
                    <para>Objects in the collection are generally available for scientific use, subject to an individual evaluation of the intended use.
Samples in the NHMO DNA Bank are also available for loans to the general scientific community, on the conditions set out in the Grant policy (see DNA Bank web page http://www.nhm.uio.no/english/research/infrastructure/dna-bank/). However, juridical or other limitations may apply to samples, which will have to be clarified before such samples can be loaned.</para>
            </abstract>
                <keywordSet>
                        <keyword>Occurrence</keyword>
                        <keywordThesaurus>GBIF Dataset Type Vocabulary: http://rs.gbif.org/vocabulary/gbif/dataset_type.xml</keywordThesaurus>
                </keywordSet>
                <keywordSet>
                        <keyword>Specimen</keyword>
                        <keywordThesaurus>GBIF Dataset Subtype Vocabulary: http://rs.gbif.org/vocabulary/gbif/dataset_subtype.xml</keywordThesaurus>
                </keywordSet>
                <keywordSet>
                        <keyword>Occurrence</keyword>
                        <keywordThesaurus>GBIF Dataset Type Vocabulary: http://rs.gbif.org/vocabulary/gbif/dataset_type_2015-07-10.xml</keywordThesaurus>
                </keywordSet>
            <intellectualRights>
                    <para>This work is licensed under a <ulink url="http://creativecommons.org/licenses/by/4.0/legalcode"><citetitle>Creative Commons Attribution (CC-BY) 4.0 License</citetitle></ulink>.</para>
            </intellectualRights>
            <coverage>
                    <geographicCoverage>
                            <geographicDescription>Global</geographicDescription>
                            <boundingCoordinates>
                                <westBoundingCoordinate>-180</westBoundingCoordinate>
                                <eastBoundingCoordinate>180</eastBoundingCoordinate>
                                <northBoundingCoordinate>90</northBoundingCoordinate>
                                <southBoundingCoordinate>-90</southBoundingCoordinate>
                            </boundingCoordinates>
                    </geographicCoverage>
                        <taxonomicCoverage>
                                <generalTaxonomicCoverage>Mammals</generalTaxonomicCoverage>
                                <taxonomicClassification>
                                        <taxonRankName>Class</taxonRankName>
                                    <taxonRankValue>Mammalia</taxonRankValue>
                                </taxonomicClassification>
                        </taxonomicCoverage>
            </coverage>
            <maintenance>
                <description>
                    <para></para>
                </description>
                <maintenanceUpdateFrequency>weekly</maintenanceUpdateFrequency>
            </maintenance>
            <contact>
            <individualName>
<givenName>Lars Erik</givenName>                    <surName>Johannessen</surName>
            </individualName>
<organizationName>Natural History Museum, University of Oslo</organizationName><positionName>Collection manager</positionName>            <address>
<deliveryPoint>Natural History Museum, P.O. Box 1172 Blindern</deliveryPoint><city>Oslo</city><postalCode>NO-0318</postalCode><country>NORWAY</country>            </address>
<electronicMailAddress>l.e.johannessen@nhm.uio.no</electronicMailAddress>            <userId directory="http://orcid.org/">0000-0001-5981-9190</userId>
            </contact>
            <methods>
                    <methodStep>
                        <description>
                            <para></para>
                        </description>
                    </methodStep>
            </methods>

    </dataset>

    <additionalMetadata>
        <metadata>
            <gbif>
                <dateStamp>2023-01-25T10:38:05Z</dateStamp>
                <citation>Johannessen L E, Wiig Ø (2023). NHMO Mammal collection. Version 31.357. University of Oslo. Occurrence dataset https://doi.org/10.15468/knvqao accessed via GBIF.org on 2023-01-25.</citation>
                    <resourceLogoUrl>http://upload.wikimedia.org/wikipedia/commons/f/f4/UiO_logo.png</resourceLogoUrl>
                    <formationPeriod>1800-current</formationPeriod>
            </gbif>
        </metadata>
    </additionalMetadata>

</eml:eml>
