<?xml version="1.0" encoding="utf-8"?>
<eml:eml xmlns:eml="eml://ecoinformatics.org/eml-2.1.1" xmlns:xsi="http://www.w3.org/2001/XMLSchema-instance"
         xsi:schemaLocation="eml://ecoinformatics.org/eml-2.1.1 http://rs.gbif.org/schema/eml-gbif-profile/1.2/eml.xsd"
packageId="67397223-b7e8-4f7e-a41e-674d04843525"  system="http://gbif.org" scope="system"
xml:lang="en">

    <dataset>
            <alternateIdentifier>10.15468/9jnfr8</alternateIdentifier>
                <alternateIdentifier>FF86913EFFC0E710FFFAFFF4FFBEFFC0</alternateIdentifier>
        <title>Order Primates</title>
            <creator>
            <individualName>
                    <surName>James H. Honacki</surName>
            </individualName>
            </creator>
            <creator>
            <individualName>
                    <surName>Kenneth E. Kinman</surName>
            </individualName>
            </creator>
            <creator>
            <individualName>
                    <surName>James W. Koeppl</surName>
            </individualName>
            </creator>
            <metadataProvider>
            <individualName>
                    <surName>GgServerImporter</surName>
            </individualName>
<organizationName>Plazi</organizationName>            </metadataProvider>
            <associatedParty>
<organizationName>Plazi</organizationName>            <address>
<city>Bern</city><country>SWITZERLAND</country>            </address>
<electronicMailAddress>info@plazi.org</electronicMailAddress><onlineUrl>https://plazi.org/</onlineUrl>            <role>PUBLISHER</role>
            </associatedParty>
            <pubDate>
                1982-12-31
            </pubDate>
        <language>ENGLISH</language>
            <abstract>
                    <para>This dataset contains the digitized treatments in Plazi based on the original book chapter James H. Honacki, Kenneth E. Kinman, James W. Koeppl (1982): Order Primates. In: James H. Honacki, Kenneth E. Kinman, James W. Koeppl (Eds): Mammal Species of the World (1 st Edition). Lawrence, Kansas, USA: Alien Press, Inc. &amp;amp; The Association of Systematics Collections: 216-243, ISBN: 0-89327-235-3, DOI: http://doi.org/10.5281/zenodo.7353017</para>
            </abstract>
            <intellectualRights>
                    <para>To the extent possible under law, the publisher has waived all rights to these data and has dedicated them to the <ulink url="http://creativecommons.org/publicdomain/zero/1.0/legalcode"><citetitle>Public Domain (CC0 1.0)</citetitle></ulink>. Users may copy, modify, distribute and use the work, including for commercial purposes, without restriction.</para>
            </intellectualRights>
            <distribution scope="document">
                <online>
                    <url function="information">https://tb.plazi.org/GgServer/summary/FF86913EFFC0E710FFFAFFF4FFBEFFC0</url>
                </online>
            </distribution>
            <contact>
            <individualName>
<givenName>Guido</givenName>                    <surName>Sautter</surName>
            </individualName>
<electronicMailAddress>sautter@plazi.org</electronicMailAddress><onlineUrl>https://plazi.org</onlineUrl>            </contact>

    </dataset>

    <additionalMetadata>
        <metadata>
            <gbif>
                <dateStamp>2023-01-25T10:38:03Z</dateStamp>
                <citation>James H. Honacki, Kenneth E. Kinman, James W. Koeppl, GgServerImporter (1982). Order Primates. Plazi.org taxonomic treatments database. Checklist dataset https://doi.org/10.15468/9jnfr8 accessed via GBIF.org on 2023-01-25.</citation>
            </gbif>
        </metadata>
    </additionalMetadata>

</eml:eml>
