<?xml version="1.0" encoding="utf-8"?>
<eml:eml xmlns:eml="eml://ecoinformatics.org/eml-2.1.1" xmlns:xsi="http://www.w3.org/2001/XMLSchema-instance"
         xsi:schemaLocation="eml://ecoinformatics.org/eml-2.1.1 http://rs.gbif.org/schema/eml-gbif-profile/1.2/eml.xsd"
packageId="71f4c974-f762-11e1-a439-00145eb45e9a"  system="http://gbif.org" scope="system"
xml:lang="en">

    <dataset>
            <alternateIdentifier>10.15468/kneffk</alternateIdentifier>
                <alternateIdentifier>9178</alternateIdentifier>
        <title>MfN - Fossil vertebrates IV</title>
            <associatedParty>
            <individualName>
                    <surName>Data Integration Team</surName>
            </individualName>
<electronicMailAddress>biocase@mfn-berlin.de</electronicMailAddress>            <role>TECHNICAL_POINT_OF_CONTACT</role>
            </associatedParty>
        <language>en</language>
            <abstract>
                    <para>Fossil mammals (bones and teeth)</para>
            </abstract>
            <intellectualRights>
                    <para>This work is licensed under a <ulink url="http://creativecommons.org/licenses/by/4.0/legalcode"><citetitle>Creative Commons Attribution (CC-BY) 4.0 License</citetitle></ulink>.</para>
            </intellectualRights>
            <contact>
            <individualName>
                    <surName>Dr. Wolf-Dieter Heinrich</surName>
            </individualName>
            <address>
<deliveryPoint>Museum für Naturkunde Invalidenstr. 43, 10115 Berlin, Germany</deliveryPoint>            </address>
<phone>+49 (0)30 2093 8597</phone><electronicMailAddress>Wolf-Dieter.Heinrich@mfn-berlin.de</electronicMailAddress>            </contact>

    </dataset>

    <additionalMetadata>
        <metadata>
            <gbif>
                <dateStamp>2023-01-25T10:37:55Z</dateStamp>
                <citation>Museum für Naturkunde Berlin. MfN - Fossil vertebrates IV. Occurrence dataset https://doi.org/10.15468/kneffk accessed via GBIF.org on 2023-01-25.</citation>
                    <resourceLogoUrl>http://www.naturkundemuseum-berlin.de/fileadmin/templates/etc/img/logo-mfn.gif</resourceLogoUrl>
            </gbif>
        </metadata>
    </additionalMetadata>

</eml:eml>
