<?xml version="1.0" encoding="utf-8"?>
<eml:eml xmlns:eml="eml://ecoinformatics.org/eml-2.1.1" xmlns:xsi="http://www.w3.org/2001/XMLSchema-instance"
         xsi:schemaLocation="eml://ecoinformatics.org/eml-2.1.1 http://rs.gbif.org/schema/eml-gbif-profile/1.2/eml.xsd"
packageId="78b270c5-a5fe-4f1d-b87e-eb0dd7b7ae02"  system="http://gbif.org" scope="system"
xml:lang="en">

    <dataset>
            <alternateIdentifier>10.15468/54a94n</alternateIdentifier>
                <alternateIdentifier>c37f3fc6-919b-4e82-aa9f-fc815512422e</alternateIdentifier>
        <title>NHMD Mammalogy Collection</title>
            <creator>
            <individualName>
<givenName>Daniel Klingenberg</givenName>                    <surName>Johansson</surName>
            </individualName>
<organizationName>Natural History Museum of Denmark</organizationName><positionName>Collection Manager of Mammalogy</positionName><electronicMailAddress>dkjohansson@snm.ku.dk</electronicMailAddress>            </creator>
            <metadataProvider>
            <individualName>
<givenName>Daniel Klingenberg</givenName>                    <surName>Johansson</surName>
            </individualName>
<organizationName>Natural History Museum of Denmark</organizationName><positionName>Collection Manager</positionName><electronicMailAddress>dkjohansson@snm.ku.dk</electronicMailAddress>            </metadataProvider>
            <associatedParty>
            <individualName>
<givenName>Fedor Alexander</givenName>                    <surName>Steeman</surName>
            </individualName>
<organizationName>Natural History Museum of Denmark</organizationName><positionName>Data Coordinator</positionName>            <address>
<deliveryPoint>Universitetsparken 15</deliveryPoint><city>Copenhagen</city><administrativeArea>Capital Region of Denmark</administrativeArea><postalCode>2100</postalCode><country>DENMARK</country>            </address>
<phone>+45 22369539</phone><electronicMailAddress>fedor.steeman@snm.ku.dk</electronicMailAddress><onlineUrl>https://snm.ku.dk/english/</onlineUrl>            <userId directory="http://orcid.org/">0000-0002-2153-8104</userId>
            <role>DISTRIBUTOR</role>
            </associatedParty>
            <associatedParty>
            <individualName>
<givenName>Zsuzsanna</givenName>                    <surName>Papp</surName>
            </individualName>
<organizationName>Natural History Museum of Denmark</organizationName><positionName>Data Coordinator</positionName>            <address>
<deliveryPoint>Universitetsparken 15</deliveryPoint><city>Copenhagen</city><administrativeArea>Capital Region of Denmark</administrativeArea><postalCode>2100</postalCode><country>DENMARK</country>            </address>
<electronicMailAddress>zsuzsanna.papp@snm.ku.dk</electronicMailAddress>            <role>DISTRIBUTOR</role>
            </associatedParty>
            <pubDate>
                2023-01-18
            </pubDate>
        <language>ENGLISH</language>
            <abstract>
                    <para>The mammal collection comprises approx 56,000 specimens, the oldest of which date back to 1649. Around 1,600 of the World’s 5,488 (estimated in April 2015) mammal species are represented.</para>
                    <para>We have impressive series of most Danish and Greenlandic mammals, including terrestrial and marine carnivores (polar bear, Arctic fox, red fox, walrus, seals), rodents (red squirrels), mustelids (Eurasian otter, European badger, martin, polecat, marmot) bovids (musk ox), cervids (reindeer, red deer, roe deer) and bats. The geographic span of our material furthermore includes particularly rich collections from East Africa, Sudan, Southeast Asia, and Brazil (incl. the recent Lagoa Santa material collected by PW Lund in the mid-1880s).</para>
                    <para>We have a large collection of whales from Greenland and Denmark, and large series of sperm whale, narwhal, beluga, harbor porpoise and white-beaked dolphin.</para>
                    <para>Pattedyrsamlingen omfatter ca. 56.000 genstande, hvoraf den ældste dateres tilbage til 1649. Cirka 1.600 af verdens 5.488 (estimeret i april 2015) pattedyrarter er repræsenteret.</para>
                    <para>Vi har imponerende serier af de fleste danske og grønlandske pattedyr, inklusive land- og havkødædere (isbjørn, polarræv, rødrev, hvalros, sæler), gnavere (røde egern), mårdyr (eurasatisk odder, europæisk grævling, mår, væsler, murmeldyr, skedehornede (moskusokse), hjortedyr (rensdyr, hjorte, rådyr) og flagermus. Det geografiske område for vores materiale inkluderer desuden særligt rige samlinger fra Østafrika, Sudan, Sydøstasien og Brasilien (inkl. Det nylige materiale fra Lagoa Santa, der blev indsamlet af PW Lund i midten af 1880&amp;#39;erne).</para>
                    <para>Vi har en stor samling af hvaler fra Grønland og Danmark, og store serier af sædhval, narhval, hvidhval, marsvin og hvidnæbbet delfin.</para>
            </abstract>
                <keywordSet>
                        <keyword>Copenhagen</keyword>
                        <keyword>mammals</keyword>
                        <keyword>mammalogy</keyword>
                        <keyword>Denmark</keyword>
                        <keyword>zoology</keyword>
                </keywordSet>
                <keywordSet>
                        <keyword>Specimen</keyword>
                        <keywordThesaurus>GBIF Dataset Subtype Vocabulary: http://rs.gbif.org/vocabulary/gbif/dataset_subtype.xml</keywordThesaurus>
                </keywordSet>
                <keywordSet>
                        <keyword>Occurrence</keyword>
                        <keywordThesaurus>GBIF Dataset Type Vocabulary: http://rs.gbif.org/vocabulary/gbif/dataset_type.xml</keywordThesaurus>
                </keywordSet>
            <intellectualRights>
                    <para>This work is licensed under a <ulink url="http://creativecommons.org/licenses/by/4.0/legalcode"><citetitle>Creative Commons Attribution (CC-BY) 4.0 License</citetitle></ulink>.</para>
            </intellectualRights>

    </dataset>

    <additionalMetadata>
        <metadata>
            <gbif>
                <dateStamp>2023-01-25T10:38:00Z</dateStamp>
                <citation>Johansson D K (2023). NHMD Mammalogy Collection. Natural History Museum of Denmark. Occurrence dataset https://doi.org/10.15468/54a94n accessed via GBIF.org on 2023-01-25.</citation>
            </gbif>
        </metadata>
    </additionalMetadata>

</eml:eml>
