<?xml version="1.0" encoding="utf-8"?>
<eml:eml xmlns:eml="eml://ecoinformatics.org/eml-2.1.1" xmlns:xsi="http://www.w3.org/2001/XMLSchema-instance"
         xsi:schemaLocation="eml://ecoinformatics.org/eml-2.1.1 http://rs.gbif.org/schema/eml-gbif-profile/1.2/eml.xsd"
packageId="7ccd2ab0-dc06-457d-8fff-2c307a355ba4"  system="http://gbif.org" scope="system"
xml:lang="en">

    <dataset>
            <alternateIdentifier>10.15468/cdaezd</alternateIdentifier>
                <alternateIdentifier>FFC3FFFD40099F69FFF7FFF4FFC2B00B</alternateIdentifier>
        <title>Hominidae</title>
            <creator>
            <individualName>
                    <surName>Russell A. Mittermeier</surName>
            </individualName>
            </creator>
            <creator>
            <individualName>
                    <surName>Anthony B. Rylands</surName>
            </individualName>
            </creator>
            <creator>
            <individualName>
                    <surName>Don E. Wilson</surName>
            </individualName>
            </creator>
            <metadataProvider>
            <individualName>
                    <surName>jonas</surName>
            </individualName>
<organizationName>Plazi</organizationName>            </metadataProvider>
            <associatedParty>
<organizationName>Plazi</organizationName>            <address>
<city>Bern</city><country>SWITZERLAND</country>            </address>
<electronicMailAddress>info@plazi.org</electronicMailAddress><onlineUrl>http://plazi.org/</onlineUrl>            <role>PUBLISHER</role>
            </associatedParty>
            <pubDate>
                2013-03-31
            </pubDate>
        <language>ENGLISH</language>
            <abstract>
                    <para>This dataset contains the digitized treatments in Plazi based on the original book chapter Russell A. Mittermeier, Anthony B. Rylands, Don E. Wilson (2013): Hominidae. In: Handbook of the Mammals of the World – Volume 3 Primates. Barcelona: Lynx Edicions: 792-854, ISBN: 978-84-96553-89-7, DOI: http://doi.org/10.5281/zenodo.6700973</para>
            </abstract>
            <intellectualRights>
                    <para>To the extent possible under law, the publisher has waived all rights to these data and has dedicated them to the <ulink url="http://creativecommons.org/publicdomain/zero/1.0/legalcode"><citetitle>Public Domain (CC0 1.0)</citetitle></ulink>. Users may copy, modify, distribute and use the work, including for commercial purposes, without restriction.</para>
            </intellectualRights>
            <distribution scope="document">
                <online>
                    <url function="information">http://tb.plazi.org/GgServer/summary/FFC3FFFD40099F69FFF7FFF4FFC2B00B</url>
                </online>
            </distribution>
            <contact>
            <individualName>
<givenName>Guido</givenName>                    <surName>Sautter</surName>
            </individualName>
<electronicMailAddress>gsautter@gmail.com</electronicMailAddress><onlineUrl>http://plazi.org</onlineUrl>            </contact>

    </dataset>

    <additionalMetadata>
        <metadata>
            <gbif>
                <dateStamp>2023-01-25T10:38:00Z</dateStamp>
                <citation>Russell A. Mittermeier, Anthony B. Rylands, Don E. Wilson, jonas (2013). Hominidae. Plazi.org taxonomic treatments database. Checklist dataset https://doi.org/10.15468/cdaezd accessed via GBIF.org on 2023-01-25.</citation>
            </gbif>
        </metadata>
    </additionalMetadata>

</eml:eml>
