<?xml version="1.0" encoding="utf-8"?>
<eml:eml xmlns:eml="eml://ecoinformatics.org/eml-2.1.1" xmlns:xsi="http://www.w3.org/2001/XMLSchema-instance"
         xsi:schemaLocation="eml://ecoinformatics.org/eml-2.1.1 http://rs.gbif.org/schema/eml-gbif-profile/1.2/eml.xsd"
packageId="b7ec1bf8-819b-11e2-bad2-00145eb45e9a"  system="http://gbif.org" scope="system"
xml:lang="en">

    <dataset>
            <alternateIdentifier>10.15468/0bpalr</alternateIdentifier>
                <alternateIdentifier>14719</alternateIdentifier>
        <title>Animal Sound Archive</title>
            <associatedParty>
            <individualName>
                    <surName>Karl-Heinz Frommolt</surName>
            </individualName>
            <address>
<deliveryPoint>Museum fuer Naturkunde Berlin, Tierstimmenarchiv, Invalidenstraße 43, D-10155 Berlin, Germany</deliveryPoint>            </address>
<electronicMailAddress>karl-heinz.frommolt@mfn-berlin.de</electronicMailAddress>            <role>TECHNICAL_POINT_OF_CONTACT</role>
            </associatedParty>
        <language>en</language>
            <abstract>
                    <para>The Animal Sound Archive at the Museum fuer Naturkunde Berlin (German: Tierstimmenarchiv) is one of the oldest and largest worldwide. Founded in 1951 by Professor Guenter Tembrock the collection consists now of around 130 000 records of animal voices.</para>
            </abstract>
            <intellectualRights>
                    <para>This work is licensed under a <ulink url="http://creativecommons.org/licenses/by/4.0/legalcode"><citetitle>Creative Commons Attribution (CC-BY) 4.0 License</citetitle></ulink>.</para>
            </intellectualRights>
            <contact>
            <individualName>
                    <surName>Karl-Heinz Frommolt</surName>
            </individualName>
            <address>
<deliveryPoint>Museum fuer Naturkunde Berlin, Tierstimmenarchiv, Invalidenstraße 43, D-10155 Berlin, Germany</deliveryPoint>            </address>
<electronicMailAddress>karl-heinz.frommolt@mfn-berlin.de</electronicMailAddress>            </contact>

    </dataset>

    <additionalMetadata>
        <metadata>
            <gbif>
                <dateStamp>2023-01-25T10:38:03Z</dateStamp>
                <citation>Museum für Naturkunde Berlin. Animal Sound Archive. Occurrence dataset https://doi.org/10.15468/0bpalr accessed via GBIF.org on 2023-01-25.</citation>
            </gbif>
        </metadata>
    </additionalMetadata>

</eml:eml>
