<?xml version="1.0" encoding="utf-8"?>
<eml:eml xmlns:eml="eml://ecoinformatics.org/eml-2.1.1" xmlns:xsi="http://www.w3.org/2001/XMLSchema-instance"
         xsi:schemaLocation="eml://ecoinformatics.org/eml-2.1.1 http://rs.gbif.org/schema/eml-gbif-profile/1.2/eml.xsd"
packageId="d31840e3-06ed-4ab7-bbed-783d0da5a869"  system="http://gbif.org" scope="system"
xml:lang="en">

    <dataset>
            <alternateIdentifier>10.15468/fw65k4</alternateIdentifier>
        <title>Collection Paleoanthropology SMF</title>
            <associatedParty>
            <individualName>
                    <surName>Andreas Allspach</surName>
            </individualName>
            <address>
<deliveryPoint>Senckenberg, Senckenberganlage 25, D-60325 Frankfurt am Main, Germany</deliveryPoint>            </address>
<electronicMailAddress>info_sesam@senckenberg.de</electronicMailAddress>            <role>TECHNICAL_POINT_OF_CONTACT</role>
            </associatedParty>
        <language>en</language>
            <abstract>
                    <para>Paleoanthropology</para>
            </abstract>
            <intellectualRights>
                    <para>This work is licensed under a <ulink url="http://creativecommons.org/licenses/by/4.0/legalcode"><citetitle>Creative Commons Attribution (CC-BY) 4.0 License</citetitle></ulink>.</para>
            </intellectualRights>
            <distribution scope="document">
                <online>
                    <url function="information">https://www.senckenberg.de/de/institute/senckenberg-gesellschaft-fuer-naturforschung-frankfurt-main/abt-palaeoanthropologie/sekt-palaeoanthropologie/sammlung/</url>
                </online>
            </distribution>
            <contact>
            <individualName>
                    <surName>Prof. Dr. Friedemann Schrenk</surName>
            </individualName>
            </contact>

    </dataset>

    <additionalMetadata>
        <metadata>
            <gbif>
                <dateStamp>2023-01-25T10:38:06Z</dateStamp>
                <citation>Senckenberg. Collection Paleoanthropology SMF. Occurrence dataset https://doi.org/10.15468/fw65k4 accessed via GBIF.org on 2023-01-25.</citation>
                    <resourceLogoUrl>http://biocase.senckenberg.de/senckenberg_logo.png</resourceLogoUrl>
            </gbif>
        </metadata>
    </additionalMetadata>

</eml:eml>
