<?xml version="1.0" encoding="utf-8"?>
<eml:eml xmlns:eml="eml://ecoinformatics.org/eml-2.1.1" xmlns:xsi="http://www.w3.org/2001/XMLSchema-instance"
         xsi:schemaLocation="eml://ecoinformatics.org/eml-2.1.1 http://rs.gbif.org/schema/eml-gbif-profile/1.2/eml.xsd"
packageId="eb6a3fcc-07e8-4cea-b21c-93382834f490"  system="http://gbif.org" scope="system"
xml:lang="fr">

    <dataset>
            <alternateIdentifier>10.15468/ghhuyn</alternateIdentifier>
                <alternateIdentifier>http://www.gbif.fr:8080/ipt/resource.do?r=collection_ens</alternateIdentifier>
                <alternateIdentifier>eb6a3fcc-07e8-4cea-b21c-93382834f490</alternateIdentifier>
        <title>Collection scientifique et pédagogique de l&apos;Ecole Normale Supérieure de Lyon</title>
            <creator>
            <individualName>
<givenName>Jean-Pierre</givenName>                    <surName>Moussus</surName>
            </individualName>
<organizationName>ENS de Lyon</organizationName><positionName>Professeur agrégé - Enseignant de biologie des organismes et d&apos;écologie</positionName>            <address>
<deliveryPoint>46 allée d&apos;Italie</deliveryPoint><city>Lyon</city><postalCode>69007</postalCode><country>FRANCE</country>            </address>
<electronicMailAddress>jeanpierre.moussus@ens-lyon.fr</electronicMailAddress>            </creator>
            <metadataProvider>
            <individualName>
<givenName>Jean-Pierre</givenName>                    <surName>Moussus</surName>
            </individualName>
<organizationName>ENS de Lyon</organizationName><positionName>Professeur agrégé - Enseignant de biologie des organismes et d&apos;écologie</positionName>            <address>
<deliveryPoint>46 allée d&apos;Italie</deliveryPoint><city>Lyon</city><postalCode>69007</postalCode><country>FRANCE</country>            </address>
<electronicMailAddress>jeanpierre.moussus@ens-lyon.fr</electronicMailAddress>            </metadataProvider>
            <associatedParty>
            <individualName>
<givenName>Jean-Pierre</givenName>                    <surName>Moussus</surName>
            </individualName>
<organizationName>ENS de Lyon</organizationName><positionName>Professeur agrégé - Enseignant de biologie des organismes et d&apos;écologie</positionName>            <address>
<deliveryPoint>46 allée d&apos;Italie</deliveryPoint><city>Lyon</city><postalCode>69007</postalCode><country>FRANCE</country>            </address>
<electronicMailAddress>jeanpierre.moussus@ens-lyon.fr</electronicMailAddress>            <role>USER</role>
            </associatedParty>
            <pubDate>
                2014-06-24
            </pubDate>
        <language>FRENCH</language>
            <abstract>
                    <para>Collection scientifique et pédagogique de sciences de la vie comprenant des specimens d&amp;#39;organismes actuels et fossiles collectés dans le monde entier depuis la fin du 19ème siècle à nos jours</para>
            </abstract>
                <keywordSet>
                        <keyword>Occurrence</keyword>
                        <keywordThesaurus>GBIF Dataset Type Vocabulary: http://rs.gbif.org/vocabulary/gbif/dataset_type.xml</keywordThesaurus>
                </keywordSet>
            <intellectualRights>
                    <para>This work is licensed under a <ulink url="http://creativecommons.org/licenses/by/4.0/legalcode"><citetitle>Creative Commons Attribution (CC-BY) 4.0 License</citetitle></ulink>.</para>
            </intellectualRights>
            <contact>
            <individualName>
<givenName>Jean-Pierre</givenName>                    <surName>Moussus</surName>
            </individualName>
<organizationName>ENS de Lyon</organizationName><positionName>Professeur agrégé - Enseignant de biologie des organismes et d&apos;écologie</positionName>            <address>
<deliveryPoint>46 allée d&apos;Italie</deliveryPoint><city>Lyon</city><postalCode>69007</postalCode><country>FRANCE</country>            </address>
<electronicMailAddress>jeanpierre.moussus@ens-lyon.fr</electronicMailAddress>            </contact>

    </dataset>

    <additionalMetadata>
        <metadata>
            <gbif>
                <dateStamp>2023-01-25T10:37:56Z</dateStamp>
                <citation>Moussus J (2014). Collection scientifique et pédagogique de l&apos;Ecole Normale Supérieure de Lyon. Ecole Normale Supérieure de Lyon. Occurrence dataset https://doi.org/10.15468/ghhuyn accessed via GBIF.org on 2023-01-25.</citation>
                        <collection>
                            <parentCollectionIdentifier>Collection scientifique et pédagogique de l&apos;Ecole Normale Supérieure de Lyon</parentCollectionIdentifier>
                            <collectionIdentifier>2b374152-6c03-4d2d-9213-23e6b9ec84f1</collectionIdentifier>
                            <collectionName>Collection scientifique et pédagogique de l&apos;Ecole Normale Supérieure de Lyon</collectionName>
                        </collection>
            </gbif>
        </metadata>
    </additionalMetadata>

</eml:eml>
