<?xml version="1.0" encoding="utf-8"?>
<eml:eml xmlns:eml="eml://ecoinformatics.org/eml-2.1.1" xmlns:xsi="http://www.w3.org/2001/XMLSchema-instance"
         xsi:schemaLocation="eml://ecoinformatics.org/eml-2.1.1 http://rs.gbif.org/schema/eml-gbif-profile/1.2/eml.xsd"
packageId="f86a681d-7db8-483b-819a-248def18b70a"  system="http://gbif.org" scope="system"
xml:lang="en">

    <dataset>
            <alternateIdentifier>10.15468/okgapc</alternateIdentifier>
                <alternateIdentifier>f86a681d-7db8-483b-819a-248def18b70a</alternateIdentifier>
                <alternateIdentifier>http://ipt.nature.ca/resource?r=cmn_mammal</alternateIdentifier>
        <title>Canadian Museum of Nature Mammal Collection</title>
            <creator>
            <individualName>
<givenName>Kamal</givenName>                    <surName>Khidas</surName>
            </individualName>
<organizationName>Canadian Museum of Nature</organizationName><positionName>Curator, Vertebrate Zoology</positionName>            <address>
<city>Ottawa</city><administrativeArea>Ontario</administrativeArea><country>CANADA</country>            </address>
<phone>1-613-364-4098</phone><electronicMailAddress>kkhidas@nature.ca</electronicMailAddress><onlineUrl>https://nature.ca/en/research-collections/science-experts/kamal-khidas</onlineUrl>            </creator>
            <metadataProvider>
            <individualName>
<givenName>John</givenName>                    <surName>Torgersen</surName>
            </individualName>
<organizationName>Canadian Museum of Nature</organizationName><positionName>Assistant Collections Information Manager</positionName>            <address>
<country>CANADA</country>            </address>
<electronicMailAddress>jtorgersen@nature.ca</electronicMailAddress>            </metadataProvider>
            <associatedParty>
            <individualName>
<givenName>Kamal</givenName>                    <surName>Khidas</surName>
            </individualName>
<organizationName>Canadian Museum of Nature</organizationName><positionName>Curator, Vertebrate Zoology</positionName>            <address>
<city>Ottawa</city><administrativeArea>Ontario</administrativeArea><country>CANADA</country>            </address>
<phone>1-613-364-4098</phone><electronicMailAddress>kkhidas@nature.ca</electronicMailAddress><onlineUrl>https://nature.ca/en/research-collections/science-experts/kamal-khidas</onlineUrl>            <role>CURATOR</role>
            </associatedParty>
            <associatedParty>
            <individualName>
<givenName>Stéphanie</givenName>                    <surName>Tessier</surName>
            </individualName>
<organizationName>Canadian Museum of Nature</organizationName><positionName>Assistant Collection Manager</positionName>            <address>
<city>Ottawa</city><administrativeArea>Ontario</administrativeArea><country>CANADA</country>            </address>
<electronicMailAddress>stessier@nature.ca</electronicMailAddress>            <role>PROCESSOR</role>
            </associatedParty>
            <associatedParty>
            <individualName>
<givenName>Gregory</givenName>                    <surName>Rand</surName>
            </individualName>
<organizationName>Canadian Museum of Nature</organizationName><positionName>Assistant Collection Manager</positionName>            <address>
<city>Ottawa</city><administrativeArea>Ontario</administrativeArea><country>CANADA</country>            </address>
<electronicMailAddress>grand@nature.ca</electronicMailAddress>            <role>PROCESSOR</role>
            </associatedParty>
            <associatedParty>
            <individualName>
<givenName>Marie-Hélène</givenName>                    <surName>Hubert</surName>
            </individualName>
<organizationName>Canadian Museum of Nature</organizationName><positionName>Collection Technician</positionName>            <address>
<city>Ottawa</city><administrativeArea>Ontario</administrativeArea><country>CANADA</country>            </address>
<electronicMailAddress>mhhubert@nature.ca</electronicMailAddress>            <role>PROCESSOR</role>
            </associatedParty>
            <pubDate>
                2023-01-02
            </pubDate>
        <language>ENGLISH</language>
            <abstract>
                    <para>The Canadian Museum of Nature&amp;#39;s Mammal Collection contains ca. 85,000 study skins, pelts, mounts, and skeletons, representing approximately 600 species. The museum holds the most comprehensive collection of Canadian mammals, with extensive coverage of Arctic regions. Carnivores, ungulates, rodents, and marine mammals are well-represented. The museum also holds many cetacean tissue samples (both dry and fluid-preserved) that were collected in the North Atlantic during commercial whaling operations in the 1960s and early 1970s.</para>
            </abstract>
                <keywordSet>
                        <keyword>Occurrence</keyword>
                        <keywordThesaurus>GBIF Dataset Type Vocabulary: http://rs.gbif.org/vocabulary/gbif/dataset_type.xml</keywordThesaurus>
                </keywordSet>
                <keywordSet>
                        <keyword>Specimen</keyword>
                        <keywordThesaurus>GBIF Dataset Subtype Vocabulary: http://rs.gbif.org/vocabulary/gbif/dataset_subtype.xml</keywordThesaurus>
                </keywordSet>
                <keywordSet>
                        <keyword>Occurrence</keyword>
                        <keywordThesaurus>GBIF Dataset Type Vocabulary: http://rs.gbif.org/vocabulary/gbif/dataset_type_2015-07-10.xml</keywordThesaurus>
                </keywordSet>
            <intellectualRights>
                    <para>This work is licensed under a <ulink url="http://creativecommons.org/licenses/by/4.0/legalcode"><citetitle>Creative Commons Attribution (CC-BY) 4.0 License</citetitle></ulink>.</para>
            </intellectualRights>
            <distribution scope="document">
                <online>
                    <url function="information">https://nature.ca/en/research-collections/collections</url>
                </online>
            </distribution>
            <coverage>
                        <taxonomicCoverage>
                                <taxonomicClassification>
                                        <taxonRankName>Class</taxonRankName>
                                    <taxonRankValue>Mammalia</taxonRankValue>
                                        <commonName>Mammals</commonName>
                                </taxonomicClassification>
                        </taxonomicCoverage>
            </coverage>
            <maintenance>
                <description>
                    <para></para>
                </description>
                <maintenanceUpdateFrequency>irregular</maintenanceUpdateFrequency>
            </maintenance>
            <contact>
            <individualName>
<givenName>Kamal</givenName>                    <surName>Khidas</surName>
            </individualName>
<organizationName>Canadian Museum of Nature</organizationName><positionName>Curator, Vertebrate Zoology</positionName>            <address>
<city>Ottawa</city><administrativeArea>Ontario</administrativeArea><country>CANADA</country>            </address>
<phone>1-613-364-4098</phone><electronicMailAddress>kkhidas@nature.ca</electronicMailAddress><onlineUrl>https://nature.ca/en/research-collections/science-experts/kamal-khidas</onlineUrl>            </contact>
            <contact>
            <individualName>
<givenName>Gregory</givenName>                    <surName>Rand</surName>
            </individualName>
<organizationName>Canadian Museum of Nature</organizationName><positionName>Manager, Mammal Collection</positionName>            <address>
<city>Ottawa</city><administrativeArea>Ontario</administrativeArea><country>CANADA</country>            </address>
<phone>613-566-4291</phone><electronicMailAddress>grand@nature.ca</electronicMailAddress>            </contact>

    </dataset>

    <additionalMetadata>
        <metadata>
            <gbif>
                <dateStamp>2023-01-25T10:38:09Z</dateStamp>
                <citation>Khidas K, Torgersen J (2023). Canadian Museum of Nature Mammal Collection. Version 1.126. Canadian Museum of Nature. Occurrence dataset https://doi.org/10.15468/okgapc accessed via GBIF.org on 2023-01-25.</citation>
                    <resourceLogoUrl>http://ipt.nature.ca/logo.do?r=cmn_mammal</resourceLogoUrl>
            </gbif>
        </metadata>
    </additionalMetadata>

</eml:eml>
